;Activity coefficient;Activity coefficient_std;Mole fraction;Pressure, kPa;Temperature, K;components;filename;phase;n_components;component_0;component_1;formula_0;formula_1;n_atoms_0;n_heavy_atoms_0;n_desired_atoms_0;n_other_atoms_0;n_atoms_1;n_heavy_atoms_1;n_desired_atoms_1;n_other_atoms_1;SMILES_0;SMILES_1;cas_0;InChI_0;cas_1;InChI_1
162678;8976.0;448.8;0.0;101.0;288.15;toluene__water;j.fluid.2006.02.022;Liquid;2;toluene;water;C7H8;H2O;15;7;15;0;3;1;3;0;Cc1ccccc1;O;3101-08-4;InChIKey=YXFVVABEGXRONW-UHFFFAOYSA-N;14314-42-2;InChIKey=XLYOFNOQVPJJNP-UHFFFAOYSA-N
162682;325.0;9.0;0.0;101.0;288.15;tert-butyl ethyl ether__water;j.fluid.2006.02.022;Liquid;2;tert-butyl ethyl ether;water;C6H14O;H2O;21;7;21;0;3;1;3;0;CCOC(C)(C)C;O;637-92-3;InChIKey=NUMQCACRALPSHD-UHFFFAOYSA-N;14314-42-2;InChIKey=XLYOFNOQVPJJNP-UHFFFAOYSA-N
162686;127.0;6.0;0.0;101.0;288.15;methyl tert-butyl ether__water;j.fluid.2006.02.022;Liquid;2;methyl tert-butyl ether;water;C5H12O;H2O;18;6;18;0;3;1;3;0;COC(C)(C)C;O;1634-04-4;InChIKey=BZLVMXJERCGZMT-UHFFFAOYSA-N;14314-42-2;InChIKey=XLYOFNOQVPJJNP-UHFFFAOYSA-N
162690;1351.0;44.0;0.0;101.0;288.15;butane, 2-ethoxy-2-methyl-__water;j.fluid.2006.02.022;Liquid;2;butane, 2-ethoxy-2-methyl-;water;C7H16O;H2O;24;8;24;0;3;1;3;0;CCOC(C)(C)CC;O;919-94-8;InChIKey=KFRVYYGHSPLXSZ-UHFFFAOYSA-N;14314-42-2;InChIKey=XLYOFNOQVPJJNP-UHFFFAOYSA-N
162694;390.0;18.0;0.0;101.0;288.15;tert-amyl methyl ether__water;j.fluid.2006.02.022;Liquid;2;tert-amyl methyl ether;water;C6H14O;H2O;21;7;21;0;3;1;3;0;CCC(C)(C)OC;O;994-05-8;InChIKey=HVZJRWJGKQPSFL-UHFFFAOYSA-N;14314-42-2;InChIKey=XLYOFNOQVPJJNP-UHFFFAOYSA-N
162713;1263.0;46.0;0.0;101.0;288.15;thiophene__water;j.fluid.2006.02.022;Liquid;2;thiophene;water;C4H4S;H2O;9;5;9;0;3;1;3;0;s1cccc1;O;25233-34-5;InChIKey=YTPLMLYBLZKORZ-UHFFFAOYSA-N;14314-42-2;InChIKey=XLYOFNOQVPJJNP-UHFFFAOYSA-N
162718;6027.0;221.0;0.0;101.0;288.15;1-butanethiol__water;j.fluid.2006.02.022;Liquid;2;1-butanethiol;water;C4H10S;H2O;15;5;15;0;3;1;3;0;CCCCS;O;109-79-5;InChIKey=WQAQPCDUOCURKW-UHFFFAOYSA-N;14314-42-2;InChIKey=XLYOFNOQVPJJNP-UHFFFAOYSA-N
162723;1423.0;51.0;0.0;101.0;288.15;1-propanethiol__water;j.fluid.2006.02.022;Liquid;2;1-propanethiol;water;C3H8S;H2O;12;4;12;0;3;1;3;0;CCCS;O;51285-52-0;InChIKey=SUVIGLJNEAMWEG-UHFFFAOYSA-N;14314-42-2;InChIKey=XLYOFNOQVPJJNP-UHFFFAOYSA-N
162728;1116.0;41.0;0.0;101.0;288.15;2-propanethiol__water;j.fluid.2006.02.022;Liquid;2;2-propanethiol;water;C3H8S;H2O;12;4;12;0;3;1;3;0;CC(C)S;O;75-33-2;InChIKey=KJRCEJOSASVSRA-UHFFFAOYSA-N;14314-42-2;InChIKey=XLYOFNOQVPJJNP-UHFFFAOYSA-N
198809;3.14;0.0785;0.0;101.0;303.17;methanol__2-octanone;j.fluid.2008.02.021;Liquid;2;methanol;2-octanone;CH4O;C8H16O;6;2;6;0;25;9;25;0;CO;CCCCCCC(C)=O;54841-71-3;InChIKey=OKKJLVBELUTLKV-UHFFFAOYSA-N;111-13-7;InChIKey=ZPVFWPFBNIEHGJ-UHFFFAOYSA-N
198813;3.27;0.08175;0.0;101.0;303.15;ethanol__2-octanone;j.fluid.2008.02.021;Liquid;2;ethanol;2-octanone;C2H6O;C8H16O;9;3;9;0;25;9;25;0;CCO;CCCCCCC(C)=O;121182-78-3;InChIKey=LFQSCWFLJHTTHZ-UHFFFAOYSA-N;111-13-7;InChIKey=ZPVFWPFBNIEHGJ-UHFFFAOYSA-N
198817;3.31;0.08275;0.0;101.0;303.15;1-propanol__2-octanone;j.fluid.2008.02.021;Liquid;2;1-propanol;2-octanone;C3H8O;C8H16O;12;4;12;0;25;9;25;0;CCCO;CCCCCCC(C)=O;71-23-8;InChIKey=BDERNNFJNOPAEC-UHFFFAOYSA-N;111-13-7;InChIKey=ZPVFWPFBNIEHGJ-UHFFFAOYSA-N
198821;3.3;0.0825;0.0;101.0;303.14;1-butanol__2-octanone;j.fluid.2008.02.021;Liquid;2;1-butanol;2-octanone;C4H10O;C8H16O;15;5;15;0;25;9;25;0;CCCCO;CCCCCCC(C)=O;107569-51-7;InChIKey=LRHPLDYGYMQRHN-UHFFFAOYSA-N;111-13-7;InChIKey=ZPVFWPFBNIEHGJ-UHFFFAOYSA-N
233732;2.16;0.45;0.0;101.0;288.15;2-thiapropane__hexane;j.fluid.2010.03.027;Liquid;2;2-thiapropane;hexane;C2H6S;C6H14;9;3;9;0;20;6;20;0;CSC;CCCCCC;75-18-3;InChIKey=QMMFVYPAHWMCMS-UHFFFAOYSA-N;92112-69-1;InChIKey=VLKZOEOYAKHREP-UHFFFAOYSA-N
233736;1.77;0.34;0.0;101.0;288.15;2-thiapropane__1-hexene;j.fluid.2010.03.027;Liquid;2;2-thiapropane;1-hexene;C2H6S;C6H12;9;3;9;0;18;6;18;0;CSC;CCCCC=C;75-18-3;InChIKey=QMMFVYPAHWMCMS-UHFFFAOYSA-N;153522-12-4;InChIKey=LIKMAJRDDDTEIG-UHFFFAOYSA-N
233739;1.77;0.35;0.0;101.0;288.15;2-thiapropane__2,2,4-trimethylpentane;j.fluid.2010.03.027;Liquid;2;2-thiapropane;2,2,4-trimethylpentane;C2H6S;C8H18;9;3;9;0;26;8;26;0;CSC;CC(C)CC(C)(C)C;75-18-3;InChIKey=QMMFVYPAHWMCMS-UHFFFAOYSA-N;31921-36-5;InChIKey=NHTMVDHEPJAVLT-UHFFFAOYSA-N
233742;1.5;0.33;0.0;101.0;288.15;2-thiapropane__2,4,4-trimethyl-1-pentene;j.fluid.2010.03.027;Liquid;2;2-thiapropane;2,4,4-trimethyl-1-pentene;C2H6S;C8H16;9;3;9;0;24;8;24;0;CSC;CC(=C)CC(C)(C)C;75-18-3;InChIKey=QMMFVYPAHWMCMS-UHFFFAOYSA-N;12002-23-2;InChIKey=FXNDIJDIPNCZQJ-UHFFFAOYSA-N
236396;37.6;0.03;0.0;101.0;273.35;dimethyl carbonate__water;j.fluid.2010.05.010;Liquid;2;dimethyl carbonate;water;C3H6O3;H2O;12;6;12;0;3;1;3;0;COC(=O)OC;O;616-38-6;InChIKey=IEJIGPNLZYLLBP-UHFFFAOYSA-N;14314-42-2;InChIKey=XLYOFNOQVPJJNP-UHFFFAOYSA-N
236408;246.0;0.05;0.0;101.0;273.35;diethyl carbonate__water;j.fluid.2010.05.010;Liquid;2;diethyl carbonate;water;C5H10O3;H2O;18;8;18;0;3;1;3;0;CCOC(=O)OCC;O;105-58-8;InChIKey=OIFBSDVPJOWBCH-UHFFFAOYSA-N;14314-42-2;InChIKey=XLYOFNOQVPJJNP-UHFFFAOYSA-N
236420;150.0;0.02;0.0;101.0;273.35;ethenyl ethanoate__water;j.fluid.2010.05.010;Liquid;2;ethenyl ethanoate;water;C4H6O2;H2O;12;6;12;0;3;1;3;0;CC(=O)OC=C;O;220713-36-0;InChIKey=XTXRWKRVRITETP-UHFFFAOYSA-N;14314-42-2;InChIKey=XLYOFNOQVPJJNP-UHFFFAOYSA-N
236435;283.0;0.02;0.0;101.0;273.35;propenoic acid, 2-methyl- methyl ester__water;j.fluid.2010.05.010;Liquid;2;propenoic acid, 2-methyl- methyl ester;water;C5H8O2;H2O;15;7;15;0;3;1;3;0;COC(=O)C(C)=C;O;9065-11-6;InChIKey=VVQNEPGJFQJSBK-UHFFFAOYSA-N;14314-42-2;InChIKey=XLYOFNOQVPJJNP-UHFFFAOYSA-N
294816;2.21;0.0663;0.0;101.0;312.6;hexane__1-decanol;j.fluid.2013.02.008;Liquid;2;hexane;1-decanol;C6H14;C10H22O;20;6;20;0;33;11;33;0;CCCCCC;CCCCCCCCCCO;92112-69-1;InChIKey=VLKZOEOYAKHREP-UHFFFAOYSA-N;85566-12-7;InChIKey=MWKFXSUHUHTGQN-UHFFFAOYSA-N
294825;2.03;0.0609;0.0;101.0;312.7;hexane__1-dodecanol;j.fluid.2013.02.008;Liquid;2;hexane;1-dodecanol;C6H14;C12H26O;20;6;20;0;39;13;39;0;CCCCCC;CCCCCCCCCCCCO;92112-69-1;InChIKey=VLKZOEOYAKHREP-UHFFFAOYSA-N;8032-08-4;InChIKey=LQZZUXJYWNFBMV-UHFFFAOYSA-N
294852;97.8;2.934;0.0;101.0;313.2;1,2-ethanediol__hexane;j.fluid.2013.02.008;Liquid;2;1,2-ethanediol;hexane;C2H6O2;C6H14;10;4;10;0;20;6;20;0;OCCO;CCCCCC;37221-95-7;InChIKey=LYCAIKOWRPUZTN-UHFFFAOYSA-N;92112-69-1;InChIKey=VLKZOEOYAKHREP-UHFFFAOYSA-N
294864;77.2;2.316;0.0;101.0;312.1;hexane__1,3-propanediol;j.fluid.2013.02.008;Liquid;2;hexane;1,3-propanediol;C6H14;C3H8O2;20;6;20;0;13;5;13;0;CCCCCC;OCCCO;92112-69-1;InChIKey=VLKZOEOYAKHREP-UHFFFAOYSA-N;504-63-2;InChIKey=YPFDHNVEDLHUCE-UHFFFAOYSA-N
294867;314.0;9.42;0.0;101.0;312.1;octane__1,3-propanediol;j.fluid.2013.02.008;Liquid;2;octane;1,3-propanediol;C8H18;C3H8O2;26;8;26;0;13;5;13;0;CCCCCCCC;OCCCO;31372-91-5;InChIKey=TVMXDCGIABBOFY-UHFFFAOYSA-N;504-63-2;InChIKey=YPFDHNVEDLHUCE-UHFFFAOYSA-N
294872;793.0;23.79;0.0;101.0;312.1;decane__1,3-propanediol;j.fluid.2013.02.008;Liquid;2;decane;1,3-propanediol;C10H22;C3H8O2;32;10;32;0;13;5;13;0;CCCCCCCCCC;OCCCO;63335-87-5;InChIKey=DIOQZVSQGTUSAI-UHFFFAOYSA-N;504-63-2;InChIKey=YPFDHNVEDLHUCE-UHFFFAOYSA-N
333273;44.5;3.0;0.0;101.0;273.35;ethyl ethanoate__water;j.fluid.2014.05.023;Liquid;2;ethyl ethanoate;water;C4H8O2;H2O;14;6;14;0;3;1;3;0;CCOC(C)=O;O;141-78-6;InChIKey=XEKOWRVHYACXOJ-UHFFFAOYSA-N;14314-42-2;InChIKey=XLYOFNOQVPJJNP-UHFFFAOYSA-N
333280;172.0;3.0;0.0;101.0;273.35;propyl ethanoate__water;j.fluid.2014.05.023;Liquid;2;propyl ethanoate;water;C5H10O2;H2O;17;7;17;0;3;1;3;0;CCCOC(C)=O;O;109-60-4;InChIKey=YKYONYBAUNKHLG-UHFFFAOYSA-N;14314-42-2;InChIKey=XLYOFNOQVPJJNP-UHFFFAOYSA-N
333290;613.0;3.0;0.0;101.0;273.35;butyl ethanoate__water;j.fluid.2014.05.023;Liquid;2;butyl ethanoate;water;C6H12O2;H2O;20;8;20;0;3;1;3;0;CCCCOC(C)=O;O;123-86-4;InChIKey=DKPFZGUDAPQIHT-UHFFFAOYSA-N;14314-42-2;InChIKey=XLYOFNOQVPJJNP-UHFFFAOYSA-N
333298;252.0;3.0;0.0;101.0;293.15;ethyl propanoate__water;j.fluid.2014.05.023;Liquid;2;ethyl propanoate;water;C5H10O2;H2O;17;7;17;0;3;1;3;0;CCOC(=O)CC;O;105-37-3;InChIKey=FKRCODPIKNYEAC-UHFFFAOYSA-N;14314-42-2;InChIKey=XLYOFNOQVPJJNP-UHFFFAOYSA-N
333308;993.0;3.0;0.0;101.0;293.15;ethyl butanoate__water;j.fluid.2014.05.023;Liquid;2;ethyl butanoate;water;C6H12O2;H2O;20;8;20;0;3;1;3;0;CCCC(=O)OCC;O;105-54-4;InChIKey=OBNCKNCVKJNDBV-UHFFFAOYSA-N;14314-42-2;InChIKey=XLYOFNOQVPJJNP-UHFFFAOYSA-N
358489;52.0;1.0;0.0;101.0;303.15;1-butanol__water;j.fluid.2015.01.010;Liquid;2;1-butanol;water;C4H10O;H2O;15;5;15;0;3;1;3;0;CCCCO;O;107569-51-7;InChIKey=LRHPLDYGYMQRHN-UHFFFAOYSA-N;14314-42-2;InChIKey=XLYOFNOQVPJJNP-UHFFFAOYSA-N
358497;20.9;0.2;0.0;101.0;298.15;acrolein__water;j.fluid.2015.01.010;Liquid;2;acrolein;water;C3H4O;H2O;8;4;8;0;3;1;3;0;C=CC=O;O;25314-61-8;InChIKey=HGINCPLSRVDWNT-UHFFFAOYSA-N;14314-42-2;InChIKey=XLYOFNOQVPJJNP-UHFFFAOYSA-N
358512;220.0;2.0;0.0;101.0;298.15;valeraldehyde__water;j.fluid.2015.01.010;Liquid;2;valeraldehyde;water;C5H10O;H2O;16;6;16;0;3;1;3;0;CCCCC=O;O;110-62-3;InChIKey=HGBOYTHUEUWSSQ-UHFFFAOYSA-N;14314-42-2;InChIKey=XLYOFNOQVPJJNP-UHFFFAOYSA-N
358519;415.0;7.0;0.0;101.0;298.15;furan__water;j.fluid.2015.01.010;Liquid;2;furan;water;C4H4O;H2O;9;5;9;0;3;1;3;0;o1cccc1;O;110-00-9;InChIKey=YLQBMQCUIZJEEH-UHFFFAOYSA-N;14314-42-2;InChIKey=XLYOFNOQVPJJNP-UHFFFAOYSA-N
358528;39.0;0.5;0.0;101.0;298.15;(E)-crotonaldehyde__water;j.fluid.2015.01.010;Liquid;2;(E)-crotonaldehyde;water;C4H6O;H2O;11;5;11;0;3;1;3;0;C/C=C/C=O;O;123-73-9;InChIKey=MLUCVPSAIODCQM-NSCUHMNNSA-N;14314-42-2;InChIKey=XLYOFNOQVPJJNP-UHFFFAOYSA-N
413319;6.78;;0.0;101.325;298.15;n-heptane__pyridine;j.fluid.2016.10.009;Liquid;2;n-heptane;pyridine;C7H16;C5H5N;23;7;23;0;11;6;11;0;CCCCCCC;c1ccncc1;142-82-5;InChIKey=IMNFDUFMRHMDMM-UHFFFAOYSA-N;152758-95-7;InChIKey=JUJWROOIHBZHMG-UHFFFAOYSA-N
413320;7.93;;0.0;101.0;298.15;n-octane__pyridine;j.fluid.2016.10.009;Liquid;2;n-octane;pyridine;C8H18;C5H5N;26;8;26;0;11;6;11;0;CCCCCCCC;c1ccncc1;31372-91-5;InChIKey=TVMXDCGIABBOFY-UHFFFAOYSA-N;152758-95-7;InChIKey=JUJWROOIHBZHMG-UHFFFAOYSA-N
413321;8.75;;0.0;101.0;298.15;n-nonane__pyridine;j.fluid.2016.10.009;Liquid;2;n-nonane;pyridine;C9H20;C5H5N;29;9;29;0;11;6;11;0;CCCCCCCCC;c1ccncc1;111-84-2;InChIKey=BKIMMITUMNQMOS-UHFFFAOYSA-N;152758-95-7;InChIKey=JUJWROOIHBZHMG-UHFFFAOYSA-N
413322;9.6;;0.0;101.0;298.15;n-decane__pyridine;j.fluid.2016.10.009;Liquid;2;n-decane;pyridine;C10H22;C5H5N;32;10;32;0;11;6;11;0;CCCCCCCCCC;c1ccncc1;63335-87-5;InChIKey=DIOQZVSQGTUSAI-UHFFFAOYSA-N;152758-95-7;InChIKey=JUJWROOIHBZHMG-UHFFFAOYSA-N
413323;10.2;;0.0;101.0;298.15;n-undecane__pyridine;j.fluid.2016.10.009;Liquid;2;n-undecane;pyridine;C11H24;C5H5N;35;11;35;0;11;6;11;0;CCCCCCCCCCC;c1ccncc1;61193-21-3;InChIKey=RSJKGSCJYJTIGS-UHFFFAOYSA-N;152758-95-7;InChIKey=JUJWROOIHBZHMG-UHFFFAOYSA-N
413324;3.57;;0.0;101.0;298.15;1-heptene__pyridine;j.fluid.2016.10.009;Liquid;2;1-heptene;pyridine;C7H14;C5H5N;21;7;21;0;11;6;11;0;CCCCCC=C;c1ccncc1;68526-53-4;InChIKey=ZGEGCLOFRBLKSE-UHFFFAOYSA-N;152758-95-7;InChIKey=JUJWROOIHBZHMG-UHFFFAOYSA-N
413325;1.55;;0.0;101.0;298.15;1-heptyne__pyridine;j.fluid.2016.10.009;Liquid;2;1-heptyne;pyridine;C7H12;C5H5N;19;7;19;0;11;6;11;0;CCCCCC#C;c1ccncc1;628-71-7;InChIKey=YVXHZKKCZYLQOP-UHFFFAOYSA-N;152758-95-7;InChIKey=JUJWROOIHBZHMG-UHFFFAOYSA-N
413326;1.44;;0.0;101.0;298.15;ethylbenzene__pyridine;j.fluid.2016.10.009;Liquid;2;ethylbenzene;pyridine;C8H10;C5H5N;18;8;18;0;11;6;11;0;CCc1ccccc1;c1ccncc1;70955-17-8;InChIKey=YNQLUTRBYVCPMQ-UHFFFAOYSA-N;152758-95-7;InChIKey=JUJWROOIHBZHMG-UHFFFAOYSA-N
413327;1.41;;0.0;101.0;298.15;o-xylene__pyridine;j.fluid.2016.10.009;Liquid;2;o-xylene;pyridine;C8H10;C5H5N;18;8;18;0;11;6;11;0;Cc1ccccc1C;c1ccncc1;95-47-6;InChIKey=CTQNGGLPUBDAKN-UHFFFAOYSA-N;152758-95-7;InChIKey=JUJWROOIHBZHMG-UHFFFAOYSA-N
413328;1.54;;0.0;101.0;298.15;m-xylene__pyridine;j.fluid.2016.10.009;Liquid;2;m-xylene;pyridine;C8H10;C5H5N;18;8;18;0;11;6;11;0;Cc1cccc(C)c1;c1ccncc1;108-38-3;InChIKey=IVSZLXZYQVIEFR-UHFFFAOYSA-N;152758-95-7;InChIKey=JUJWROOIHBZHMG-UHFFFAOYSA-N
413329;1.56;;0.0;101.0;298.15;p-xylene__pyridine;j.fluid.2016.10.009;Liquid;2;p-xylene;pyridine;C8H10;C5H5N;18;8;18;0;11;6;11;0;Cc1ccc(C)cc1;c1ccncc1;106-42-3;InChIKey=URLKBWYHVLBVBO-UHFFFAOYSA-N;152758-95-7;InChIKey=JUJWROOIHBZHMG-UHFFFAOYSA-N
413330;1.46;;0.0;101.0;298.15;acetonitrile__pyridine;j.fluid.2016.10.009;Liquid;2;acetonitrile;pyridine;C2H3N;C5H5N;6;3;6;0;11;6;11;0;CC#N;c1ccncc1;54841-72-4;InChIKey=WEVYAHXRMPXWCK-UHFFFAOYSA-N;152758-95-7;InChIKey=JUJWROOIHBZHMG-UHFFFAOYSA-N
413331;1.15;;0.0;101.0;298.15;butyl acetate__pyridine;j.fluid.2016.10.009;Liquid;2;butyl acetate;pyridine;C6H12O2;C5H5N;20;8;20;0;11;6;11;0;CCCCOC(C)=O;c1ccncc1;123-86-4;InChIKey=DKPFZGUDAPQIHT-UHFFFAOYSA-N;152758-95-7;InChIKey=JUJWROOIHBZHMG-UHFFFAOYSA-N
413332;1.54;;0.0;101.0;298.15;1-chlorobutane__pyridine;j.fluid.2016.10.009;Liquid;2;1-chlorobutane;pyridine;C4H9Cl;C5H5N;14;5;14;0;11;6;11;0;CCCCCl;c1ccncc1;109-69-3;InChIKey=VFWCMGCRMGJXDK-UHFFFAOYSA-N;152758-95-7;InChIKey=JUJWROOIHBZHMG-UHFFFAOYSA-N
413333;0.93;;0.0;101.0;298.15;1,2-dichloropropane__pyridine;j.fluid.2016.10.009;Liquid;2;1,2-dichloropropane;pyridine;C3H6Cl2;C5H5N;11;5;11;0;11;6;11;0;CC(Cl)CCl;c1ccncc1;78-87-5;InChIKey=KNKRKFALVUDBJE-UHFFFAOYSA-N;152758-95-7;InChIKey=JUJWROOIHBZHMG-UHFFFAOYSA-N
413335;0.93;;0.0;101.0;298.15;tetrahydrofuran__pyridine;j.fluid.2016.10.009;Liquid;2;tetrahydrofuran;pyridine;C4H8O;C5H5N;13;5;13;0;11;6;11;0;C1CCOC1;c1ccncc1;77392-70-2;InChIKey=WYURNTSHIVDZCO-UHFFFAOYSA-N;152758-95-7;InChIKey=JUJWROOIHBZHMG-UHFFFAOYSA-N
413336;1.18;;0.0;101.0;298.15;acetone__pyridine;j.fluid.2016.10.009;Liquid;2;acetone;pyridine;C3H6O;C5H5N;10;4;10;0;11;6;11;0;CC(C)=O;c1ccncc1;67-64-1;InChIKey=CSCPPACGZOOCGX-UHFFFAOYSA-N;152758-95-7;InChIKey=JUJWROOIHBZHMG-UHFFFAOYSA-N
413337;1.12;;0.0;101.0;298.15;pentyl acetate__pyridine;j.fluid.2016.10.009;Liquid;2;pentyl acetate;pyridine;C7H14O2;C5H5N;23;9;23;0;11;6;11;0;CCCCCOC(C)=O;c1ccncc1;628-63-7;InChIKey=PGMYKACGEOXYJE-UHFFFAOYSA-N;152758-95-7;InChIKey=JUJWROOIHBZHMG-UHFFFAOYSA-N
413338;2.48;;0.0;101.0;298.15;cyclohexene__pyridine;j.fluid.2016.10.009;Liquid;2;cyclohexene;pyridine;C6H10;C5H5N;16;6;16;0;11;6;11;0;C1CCC=CC1;c1ccncc1;7493-04-1;InChIKey=HGCIXCUEYOPUTN-UHFFFAOYSA-N;152758-95-7;InChIKey=JUJWROOIHBZHMG-UHFFFAOYSA-N
605291;11.6;1.16;0.0;101.0;298.0;dimethyl sulfoxide__1,5-hexadiene;j.jct.2010.04.011;Liquid;2;dimethyl sulfoxide;1,5-hexadiene;C2H6OS;C6H10;10;4;10;0;16;6;16;0;C[S](C)=O;C=CCCC=C;164071-41-4;InChIKey=IAZDPXIOMUYVGZ-UHFFFAOYSA-N;41919-05-5;InChIKey=PYGSKMBEVAICCR-UHFFFAOYSA-N
605292;0.8;0.08;0.0;101.0;298.0;cetane__1,5-hexadiene;j.jct.2010.04.011;Liquid;2;cetane;1,5-hexadiene;C16H34;C6H10;50;16;50;0;16;6;16;0;CCCCCCCCCCCCCCCC;C=CCCC=C;544-76-3;InChIKey=DCAYPVUWAIABOU-UHFFFAOYSA-N;41919-05-5;InChIKey=PYGSKMBEVAICCR-UHFFFAOYSA-N
605293;6.9;0.69;0.0;101.0;298.0;dimethyl sulfoxide__1-heptyne;j.jct.2010.04.011;Liquid;2;dimethyl sulfoxide;1-heptyne;C2H6OS;C7H12;10;4;10;0;19;7;19;0;C[S](C)=O;CCCCCC#C;164071-41-4;InChIKey=IAZDPXIOMUYVGZ-UHFFFAOYSA-N;628-71-7;InChIKey=YVXHZKKCZYLQOP-UHFFFAOYSA-N
605294;4.1;0.41;0.0;101.0;298.0;dimethyl sulfoxide__1-hexyne;j.jct.2010.04.011;Liquid;2;dimethyl sulfoxide;1-hexyne;C2H6OS;C6H10;10;4;10;0;16;6;16;0;C[S](C)=O;CCCCC#C;164071-41-4;InChIKey=IAZDPXIOMUYVGZ-UHFFFAOYSA-N;693-02-7;InChIKey=CGHIBGNXEGJPQZ-UHFFFAOYSA-N
605295;10.2;1.02;0.0;101.0;298.0;dimethyl sulfoxide__1-octyne;j.jct.2010.04.011;Liquid;2;dimethyl sulfoxide;1-octyne;C2H6OS;C8H14;10;4;10;0;22;8;22;0;C[S](C)=O;CCCCCCC#C;164071-41-4;InChIKey=IAZDPXIOMUYVGZ-UHFFFAOYSA-N;629-05-0;InChIKey=UMIPWJGWASORKV-UHFFFAOYSA-N
605296;15.1;1.51;0.0;101.0;298.0;dimethyl sulfoxide__p-cymene;j.jct.2010.04.011;Liquid;2;dimethyl sulfoxide;p-cymene;C2H6OS;C10H14;10;4;10;0;24;10;24;0;C[S](C)=O;CC(C)c1ccc(C)cc1;164071-41-4;InChIKey=IAZDPXIOMUYVGZ-UHFFFAOYSA-N;4939-75-7;InChIKey=HFPZCAJZSCWRBC-UHFFFAOYSA-N
605297;20.7;2.07;0.0;101.0;298.0;dimethyl sulfoxide__4-ethenylcyclohexene;j.jct.2010.04.011;Liquid;2;dimethyl sulfoxide;4-ethenylcyclohexene;C2H6OS;C8H12;10;4;10;0;20;8;20;0;C[S](C)=O;C=CC1CCC=CC1;164071-41-4;InChIKey=IAZDPXIOMUYVGZ-UHFFFAOYSA-N;92619-43-7;InChIKey=BBDKZWKEPDTENS-UHFFFAOYSA-N
605300;5.7;0.57;0.0;101.0;298.0;dimethyl sulfoxide__1,3,5-cycloheptatriene;j.jct.2010.04.011;Liquid;2;dimethyl sulfoxide;1,3,5-cycloheptatriene;C2H6OS;C7H8;10;4;10;0;15;7;15;0;C[S](C)=O;C1C=CC=CC=C1;164071-41-4;InChIKey=IAZDPXIOMUYVGZ-UHFFFAOYSA-N;544-25-2;InChIKey=CHVJITGCYZJHLR-UHFFFAOYSA-N
605301;14.9;1.49;0.0;101.0;298.0;dimethyl sulfoxide__1,2,3,4-tetrahydrobenzene;j.jct.2010.04.011;Liquid;2;dimethyl sulfoxide;1,2,3,4-tetrahydrobenzene;C2H6OS;C6H10;10;4;10;0;16;6;16;0;C[S](C)=O;C1CCC=CC1;164071-41-4;InChIKey=IAZDPXIOMUYVGZ-UHFFFAOYSA-N;7493-04-1;InChIKey=HGCIXCUEYOPUTN-UHFFFAOYSA-N
605302;63.3;6.33;0.0;101.0;298.0;dimethyl sulfoxide__cyclooctane;j.jct.2010.04.011;Liquid;2;dimethyl sulfoxide;cyclooctane;C2H6OS;C8H16;10;4;10;0;24;8;24;0;C[S](C)=O;C1CCCCCCC1;164071-41-4;InChIKey=IAZDPXIOMUYVGZ-UHFFFAOYSA-N;292-64-8;InChIKey=WJTCGQSWYFHTAC-UHFFFAOYSA-N
605304;7.0;0.7;0.0;101.0;298.0;dimethyl sulfoxide__cyclopentene;j.jct.2010.04.011;Liquid;2;dimethyl sulfoxide;cyclopentene;C2H6OS;C5H8;10;4;10;0;13;5;13;0;C[S](C)=O;C1CC=CC1;164071-41-4;InChIKey=IAZDPXIOMUYVGZ-UHFFFAOYSA-N;142-29-0;InChIKey=LPIQUOYDBNQMRZ-UHFFFAOYSA-N
605305;49.2;4.92;0.0;101.0;298.0;dimethyl sulfoxide__methylcyclohexane;j.jct.2010.04.011;Liquid;2;dimethyl sulfoxide;methylcyclohexane;C2H6OS;C7H14;10;4;10;0;21;7;21;0;C[S](C)=O;CC1CCCCC1;164071-41-4;InChIKey=IAZDPXIOMUYVGZ-UHFFFAOYSA-N;108-87-2;InChIKey=UAEPNZWRGJTJPN-UHFFFAOYSA-N
605306;29.5;2.95;0.0;101.0;298.0;dimethyl sulfoxide__methylcyclopentane;j.jct.2010.04.011;Liquid;2;dimethyl sulfoxide;methylcyclopentane;C2H6OS;C6H12;10;4;10;0;18;6;18;0;C[S](C)=O;CC1CCCC1;164071-41-4;InChIKey=IAZDPXIOMUYVGZ-UHFFFAOYSA-N;5310-57-6;InChIKey=GDOPTJXRTPNYNR-UHFFFAOYSA-N
605307;10.5;1.05;0.0;101.0;298.0;dimethyl sulfoxide__tetrachloroethene;j.jct.2010.04.011;Liquid;2;dimethyl sulfoxide;tetrachloroethene;C2H6OS;C2Cl4;10;4;10;0;6;6;6;0;C[S](C)=O;ClC(Cl)=C(Cl)Cl;164071-41-4;InChIKey=IAZDPXIOMUYVGZ-UHFFFAOYSA-N;127-18-4;InChIKey=CYTYCFOTNPOANT-UHFFFAOYSA-N
701333;1.752;0.07008;0.0;101.0;314.1;n-hexane__capric acid;j.jct.2012.06.009;Liquid;2;n-hexane;capric acid;C6H14;C10H20O2;20;6;20;0;32;12;32;0;CCCCCC;CCCCCCCCCC(O)=O;92112-69-1;InChIKey=VLKZOEOYAKHREP-UHFFFAOYSA-N;334-48-5;InChIKey=GHVNFZFCNZKVNT-UHFFFAOYSA-N
701338;1.87;0.0748;0.0;101.0;314.1;heptane__capric acid;j.jct.2012.06.009;Liquid;2;heptane;capric acid;C7H16;C10H20O2;23;7;23;0;32;12;32;0;CCCCCCC;CCCCCCCCCC(O)=O;142-82-5;InChIKey=IMNFDUFMRHMDMM-UHFFFAOYSA-N;334-48-5;InChIKey=GHVNFZFCNZKVNT-UHFFFAOYSA-N
701343;2.018;0.08072;0.0;101.0;314.1;capric acid__isooctane;j.jct.2012.06.009;Liquid;2;capric acid;isooctane;C10H20O2;C8H18;32;12;32;0;26;8;26;0;CCCCCCCCCC(O)=O;CCCCCC(C)C;334-48-5;InChIKey=GHVNFZFCNZKVNT-UHFFFAOYSA-N;592-27-8;InChIKey=JVSWJIKNEAIKJW-UHFFFAOYSA-N
701347;1.559;0.06236;0.0;101.0;314.24;capric acid__1-hexene;j.jct.2012.06.009;Liquid;2;capric acid;1-hexene;C10H20O2;C6H12;32;12;32;0;18;6;18;0;CCCCCCCCCC(O)=O;CCCCC=C;334-48-5;InChIKey=GHVNFZFCNZKVNT-UHFFFAOYSA-N;153522-12-4;InChIKey=LIKMAJRDDDTEIG-UHFFFAOYSA-N
701351;1.151;0.04604;0.0;101.0;314.1;phenylmethane__capric acid;j.jct.2012.06.009;Liquid;2;phenylmethane;capric acid;C7H8;C10H20O2;15;7;15;0;32;12;32;0;Cc1ccccc1;CCCCCCCCCC(O)=O;3101-08-4;InChIKey=YXFVVABEGXRONW-UHFFFAOYSA-N;334-48-5;InChIKey=GHVNFZFCNZKVNT-UHFFFAOYSA-N
701357;1.436;0.05744;0.0;101.0;314.1;cyclohexane__capric acid;j.jct.2012.06.009;Liquid;2;cyclohexane;capric acid;C6H12;C10H20O2;18;6;18;0;32;12;32;0;C1CCCCC1;CCCCCCCCCC(O)=O;25012-93-5;InChIKey=XDTMQSROBMDMFD-UHFFFAOYSA-N;334-48-5;InChIKey=GHVNFZFCNZKVNT-UHFFFAOYSA-N
701366;2.14;0.0856;0.0;101.0;314.24;methanol__capric acid;j.jct.2012.06.009;Liquid;2;methanol;capric acid;CH4O;C10H20O2;6;2;6;0;32;12;32;0;CO;CCCCCCCCCC(O)=O;54841-71-3;InChIKey=OKKJLVBELUTLKV-UHFFFAOYSA-N;334-48-5;InChIKey=GHVNFZFCNZKVNT-UHFFFAOYSA-N
701370;2.115;0.0846;0.0;101.0;314.1;ethyl alcohol__capric acid;j.jct.2012.06.009;Liquid;2;ethyl alcohol;capric acid;C2H6O;C10H20O2;9;3;9;0;32;12;32;0;CCO;CCCCCCCCCC(O)=O;121182-78-3;InChIKey=LFQSCWFLJHTTHZ-UHFFFAOYSA-N;334-48-5;InChIKey=GHVNFZFCNZKVNT-UHFFFAOYSA-N
701375;1.887;0.07548;0.0;101.0;314.1;propan-1-ol__capric acid;j.jct.2012.06.009;Liquid;2;propan-1-ol;capric acid;C3H8O;C10H20O2;12;4;12;0;32;12;32;0;CCCO;CCCCCCCCCC(O)=O;71-23-8;InChIKey=BDERNNFJNOPAEC-UHFFFAOYSA-N;334-48-5;InChIKey=GHVNFZFCNZKVNT-UHFFFAOYSA-N
701385;1.56;0.0624;0.0;101.0;314.1;2-propanol__capric acid;j.jct.2012.06.009;Liquid;2;2-propanol;capric acid;C3H8O;C10H20O2;12;4;12;0;32;12;32;0;CC(C)O;CCCCCCCCCC(O)=O;8013-70-5;InChIKey=KFZMGEQAYNKOFK-UHFFFAOYSA-N;334-48-5;InChIKey=GHVNFZFCNZKVNT-UHFFFAOYSA-N
701391;1.334;0.05336;0.0;101.0;314.1;butan-2-ol__capric acid;j.jct.2012.06.009;Liquid;2;butan-2-ol;capric acid;C4H10O;C10H20O2;15;5;15;0;32;12;32;0;CCC(C)O;CCCCCCCCCC(O)=O;4221-99-2;InChIKey=BTANRVKWQNVYAZ-UHFFFAOYSA-N;334-48-5;InChIKey=GHVNFZFCNZKVNT-UHFFFAOYSA-N
701397;0.823;0.03292;0.0;101.0;314.1;methane, trichloro-__capric acid;j.jct.2012.06.009;Liquid;2;methane, trichloro-;capric acid;CHCl3;C10H20O2;5;4;5;0;32;12;32;0;ClC(Cl)Cl;CCCCCCCCCC(O)=O;67-66-3;InChIKey=HEDRZPFGACZZDS-UHFFFAOYSA-N;334-48-5;InChIKey=GHVNFZFCNZKVNT-UHFFFAOYSA-N
701402;1.048;0.04192;0.0;101.0;314.1;ethene, trichloro-__capric acid;j.jct.2012.06.009;Liquid;2;ethene, trichloro-;capric acid;C2HCl3;C10H20O2;6;5;6;0;32;12;32;0;ClC=C(Cl)Cl;CCCCCCCCCC(O)=O;52037-46-4;InChIKey=XSTXAVWGXDQKEL-UHFFFAOYSA-N;334-48-5;InChIKey=GHVNFZFCNZKVNT-UHFFFAOYSA-N
701417;1.329;0.05316;0.0;101.0;314.1;ethyl ethanoate__capric acid;j.jct.2012.06.009;Liquid;2;ethyl ethanoate;capric acid;C4H8O2;C10H20O2;14;6;14;0;32;12;32;0;CCOC(C)=O;CCCCCCCCCC(O)=O;141-78-6;InChIKey=XEKOWRVHYACXOJ-UHFFFAOYSA-N;334-48-5;InChIKey=GHVNFZFCNZKVNT-UHFFFAOYSA-N
701421;1.558;0.06232;0.0;101.0;314.1;dimethyl ketone__capric acid;j.jct.2012.06.009;Liquid;2;dimethyl ketone;capric acid;C3H6O;C10H20O2;10;4;10;0;32;12;32;0;CC(C)=O;CCCCCCCCCC(O)=O;67-64-1;InChIKey=CSCPPACGZOOCGX-UHFFFAOYSA-N;334-48-5;InChIKey=GHVNFZFCNZKVNT-UHFFFAOYSA-N
701427;1.574;0.06296;0.0;101.0;314.24;n-hexane__lauric acid;j.jct.2012.06.009;Liquid;2;n-hexane;lauric acid;C6H14;C12H24O2;20;6;20;0;38;14;38;0;CCCCCC;CCCCCCCCCCCC(O)=O;92112-69-1;InChIKey=VLKZOEOYAKHREP-UHFFFAOYSA-N;8045-27-0;InChIKey=POULHZVOKOAJMA-UHFFFAOYSA-N
701431;1.645;0.0658;0.0;101.0;314.1;heptane__lauric acid;j.jct.2012.06.009;Liquid;2;heptane;lauric acid;C7H16;C12H24O2;23;7;23;0;38;14;38;0;CCCCCCC;CCCCCCCCCCCC(O)=O;142-82-5;InChIKey=IMNFDUFMRHMDMM-UHFFFAOYSA-N;8045-27-0;InChIKey=POULHZVOKOAJMA-UHFFFAOYSA-N
701437;1.746;0.06984;0.0;101.0;314.1;lauric acid__isooctane;j.jct.2012.06.009;Liquid;2;lauric acid;isooctane;C12H24O2;C8H18;38;14;38;0;26;8;26;0;CCCCCCCCCCCC(O)=O;CCCCCC(C)C;8045-27-0;InChIKey=POULHZVOKOAJMA-UHFFFAOYSA-N;592-27-8;InChIKey=JVSWJIKNEAIKJW-UHFFFAOYSA-N
701452;1.064;0.04256;0.0;101.0;314.1;phenylmethane__lauric acid;j.jct.2012.06.009;Liquid;2;phenylmethane;lauric acid;C7H8;C12H24O2;15;7;15;0;38;14;38;0;Cc1ccccc1;CCCCCCCCCCCC(O)=O;3101-08-4;InChIKey=YXFVVABEGXRONW-UHFFFAOYSA-N;8045-27-0;InChIKey=POULHZVOKOAJMA-UHFFFAOYSA-N
701457;1.287;0.05148;0.0;101.0;314.1;cyclohexane__lauric acid;j.jct.2012.06.009;Liquid;2;cyclohexane;lauric acid;C6H12;C12H24O2;18;6;18;0;38;14;38;0;C1CCCCC1;CCCCCCCCCCCC(O)=O;25012-93-5;InChIKey=XDTMQSROBMDMFD-UHFFFAOYSA-N;8045-27-0;InChIKey=POULHZVOKOAJMA-UHFFFAOYSA-N
701462;1.222;0.04888;0.0;101.0;314.24;ethylbenzene__lauric acid;j.jct.2012.06.009;Liquid;2;ethylbenzene;lauric acid;C8H10;C12H24O2;18;8;18;0;38;14;38;0;CCc1ccccc1;CCCCCCCCCCCC(O)=O;70955-17-8;InChIKey=YNQLUTRBYVCPMQ-UHFFFAOYSA-N;8045-27-0;InChIKey=POULHZVOKOAJMA-UHFFFAOYSA-N
701467;1.811;0.07244;0.0;101.0;314.1;methanol__lauric acid;j.jct.2012.06.009;Liquid;2;methanol;lauric acid;CH4O;C12H24O2;6;2;6;0;38;14;38;0;CO;CCCCCCCCCCCC(O)=O;54841-71-3;InChIKey=OKKJLVBELUTLKV-UHFFFAOYSA-N;8045-27-0;InChIKey=POULHZVOKOAJMA-UHFFFAOYSA-N
701472;1.924;0.07696;0.0;101.0;314.1;ethyl alcohol__lauric acid;j.jct.2012.06.009;Liquid;2;ethyl alcohol;lauric acid;C2H6O;C12H24O2;9;3;9;0;38;14;38;0;CCO;CCCCCCCCCCCC(O)=O;121182-78-3;InChIKey=LFQSCWFLJHTTHZ-UHFFFAOYSA-N;8045-27-0;InChIKey=POULHZVOKOAJMA-UHFFFAOYSA-N
701477;1.758;0.07032;0.0;101.0;314.1;propan-1-ol__lauric acid;j.jct.2012.06.009;Liquid;2;propan-1-ol;lauric acid;C3H8O;C12H24O2;12;4;12;0;38;14;38;0;CCCO;CCCCCCCCCCCC(O)=O;71-23-8;InChIKey=BDERNNFJNOPAEC-UHFFFAOYSA-N;8045-27-0;InChIKey=POULHZVOKOAJMA-UHFFFAOYSA-N
701483;1.697;0.06788;0.0;101.0;314.24;1-butanol__lauric acid;j.jct.2012.06.009;Liquid;2;1-butanol;lauric acid;C4H10O;C12H24O2;15;5;15;0;38;14;38;0;CCCCO;CCCCCCCCCCCC(O)=O;107569-51-7;InChIKey=LRHPLDYGYMQRHN-UHFFFAOYSA-N;8045-27-0;InChIKey=POULHZVOKOAJMA-UHFFFAOYSA-N
701488;1.5;0.06;0.0;101.0;314.1;2-propanol__lauric acid;j.jct.2012.06.009;Liquid;2;2-propanol;lauric acid;C3H8O;C12H24O2;12;4;12;0;38;14;38;0;CC(C)O;CCCCCCCCCCCC(O)=O;8013-70-5;InChIKey=KFZMGEQAYNKOFK-UHFFFAOYSA-N;8045-27-0;InChIKey=POULHZVOKOAJMA-UHFFFAOYSA-N
701494;1.282;0.05128;0.0;101.0;314.1;butan-2-ol__lauric acid;j.jct.2012.06.009;Liquid;2;butan-2-ol;lauric acid;C4H10O;C12H24O2;15;5;15;0;38;14;38;0;CCC(C)O;CCCCCCCCCCCC(O)=O;4221-99-2;InChIKey=BTANRVKWQNVYAZ-UHFFFAOYSA-N;8045-27-0;InChIKey=POULHZVOKOAJMA-UHFFFAOYSA-N
701499;0.81;0.0324;0.0;101.0;314.1;methane, trichloro-__lauric acid;j.jct.2012.06.009;Liquid;2;methane, trichloro-;lauric acid;CHCl3;C12H24O2;5;4;5;0;38;14;38;0;ClC(Cl)Cl;CCCCCCCCCCCC(O)=O;67-66-3;InChIKey=HEDRZPFGACZZDS-UHFFFAOYSA-N;8045-27-0;InChIKey=POULHZVOKOAJMA-UHFFFAOYSA-N
701504;0.952;0.03808;0.0;101.0;314.1;ethene, trichloro-__lauric acid;j.jct.2012.06.009;Liquid;2;ethene, trichloro-;lauric acid;C2HCl3;C12H24O2;6;5;6;0;38;14;38;0;ClC=C(Cl)Cl;CCCCCCCCCCCC(O)=O;52037-46-4;InChIKey=XSTXAVWGXDQKEL-UHFFFAOYSA-N;8045-27-0;InChIKey=POULHZVOKOAJMA-UHFFFAOYSA-N
701509;1.108;0.04432;0.0;101.0;314.1;monochlorobenzene__lauric acid;j.jct.2012.06.009;Liquid;2;monochlorobenzene;lauric acid;C6H5Cl;C12H24O2;12;7;12;0;38;14;38;0;Clc1ccccc1;CCCCCCCCCCCC(O)=O;68411-45-0;InChIKey=MVPPADPHJFYWMZ-UHFFFAOYSA-N;8045-27-0;InChIKey=POULHZVOKOAJMA-UHFFFAOYSA-N
701521;1.369;0.05476;0.0;101.0;314.1;ethyl ethanoate__lauric acid;j.jct.2012.06.009;Liquid;2;ethyl ethanoate;lauric acid;C4H8O2;C12H24O2;14;6;14;0;38;14;38;0;CCOC(C)=O;CCCCCCCCCCCC(O)=O;141-78-6;InChIKey=XEKOWRVHYACXOJ-UHFFFAOYSA-N;8045-27-0;InChIKey=POULHZVOKOAJMA-UHFFFAOYSA-N
701526;1.592;0.06368;0.0;101.0;314.1;dimethyl ketone__lauric acid;j.jct.2012.06.009;Liquid;2;dimethyl ketone;lauric acid;C3H6O;C12H24O2;10;4;10;0;38;14;38;0;CC(C)=O;CCCCCCCCCCCC(O)=O;67-64-1;InChIKey=CSCPPACGZOOCGX-UHFFFAOYSA-N;8045-27-0;InChIKey=POULHZVOKOAJMA-UHFFFAOYSA-N
701539;1.451;0.05804;0.0;101.0;314.1;heptane__tetradecanoic acid;j.jct.2012.06.009;Liquid;2;heptane;tetradecanoic acid;C7H16;C14H28O2;23;7;23;0;44;16;44;0;CCCCCCC;CCCCCCCCCCCCCC(O)=O;142-82-5;InChIKey=IMNFDUFMRHMDMM-UHFFFAOYSA-N;45184-05-2;InChIKey=TUNFSRHWOTWDNC-UHFFFAOYSA-N
701547;1.24;0.0496;0.0;101.0;314.24;tetradecanoic acid__1-hexene;j.jct.2012.06.009;Liquid;2;tetradecanoic acid;1-hexene;C14H28O2;C6H12;44;16;44;0;18;6;18;0;CCCCCCCCCCCCCC(O)=O;CCCCC=C;45184-05-2;InChIKey=TUNFSRHWOTWDNC-UHFFFAOYSA-N;153522-12-4;InChIKey=LIKMAJRDDDTEIG-UHFFFAOYSA-N
701555;1.091;0.04364;0.0;101.0;314.1;cyclohexane__tetradecanoic acid;j.jct.2012.06.009;Liquid;2;cyclohexane;tetradecanoic acid;C6H12;C14H28O2;18;6;18;0;44;16;44;0;C1CCCCC1;CCCCCCCCCCCCCC(O)=O;25012-93-5;InChIKey=XDTMQSROBMDMFD-UHFFFAOYSA-N;45184-05-2;InChIKey=TUNFSRHWOTWDNC-UHFFFAOYSA-N
701564;1.919;0.07676;0.0;101.0;314.24;methanol__tetradecanoic acid;j.jct.2012.06.009;Liquid;2;methanol;tetradecanoic acid;CH4O;C14H28O2;6;2;6;0;44;16;44;0;CO;CCCCCCCCCCCCCC(O)=O;54841-71-3;InChIKey=OKKJLVBELUTLKV-UHFFFAOYSA-N;45184-05-2;InChIKey=TUNFSRHWOTWDNC-UHFFFAOYSA-N
701569;1.82;0.0728;0.0;101.0;314.1;ethyl alcohol__tetradecanoic acid;j.jct.2012.06.009;Liquid;2;ethyl alcohol;tetradecanoic acid;C2H6O;C14H28O2;9;3;9;0;44;16;44;0;CCO;CCCCCCCCCCCCCC(O)=O;121182-78-3;InChIKey=LFQSCWFLJHTTHZ-UHFFFAOYSA-N;45184-05-2;InChIKey=TUNFSRHWOTWDNC-UHFFFAOYSA-N
701575;1.614;0.06456;0.0;101.0;314.1;propan-1-ol__tetradecanoic acid;j.jct.2012.06.009;Liquid;2;propan-1-ol;tetradecanoic acid;C3H8O;C14H28O2;12;4;12;0;44;16;44;0;CCCO;CCCCCCCCCCCCCC(O)=O;71-23-8;InChIKey=BDERNNFJNOPAEC-UHFFFAOYSA-N;45184-05-2;InChIKey=TUNFSRHWOTWDNC-UHFFFAOYSA-N
701581;1.488;0.05952;0.0;101.0;314.1;1-butanol__tetradecanoic acid;j.jct.2012.06.009;Liquid;2;1-butanol;tetradecanoic acid;C4H10O;C14H28O2;15;5;15;0;44;16;44;0;CCCCO;CCCCCCCCCCCCCC(O)=O;107569-51-7;InChIKey=LRHPLDYGYMQRHN-UHFFFAOYSA-N;45184-05-2;InChIKey=TUNFSRHWOTWDNC-UHFFFAOYSA-N
701587;1.394;0.05576;0.0;101.0;314.1;2-propanol__tetradecanoic acid;j.jct.2012.06.009;Liquid;2;2-propanol;tetradecanoic acid;C3H8O;C14H28O2;12;4;12;0;44;16;44;0;CC(C)O;CCCCCCCCCCCCCC(O)=O;8013-70-5;InChIKey=KFZMGEQAYNKOFK-UHFFFAOYSA-N;45184-05-2;InChIKey=TUNFSRHWOTWDNC-UHFFFAOYSA-N
701593;1.165;0.0466;0.0;101.0;314.1;butan-2-ol__tetradecanoic acid;j.jct.2012.06.009;Liquid;2;butan-2-ol;tetradecanoic acid;C4H10O;C14H28O2;15;5;15;0;44;16;44;0;CCC(C)O;CCCCCCCCCCCCCC(O)=O;4221-99-2;InChIKey=BTANRVKWQNVYAZ-UHFFFAOYSA-N;45184-05-2;InChIKey=TUNFSRHWOTWDNC-UHFFFAOYSA-N
701599;0.743;0.02972;0.0;101.0;314.1;methane, trichloro-__tetradecanoic acid;j.jct.2012.06.009;Liquid;2;methane, trichloro-;tetradecanoic acid;CHCl3;C14H28O2;5;4;5;0;44;16;44;0;ClC(Cl)Cl;CCCCCCCCCCCCCC(O)=O;67-66-3;InChIKey=HEDRZPFGACZZDS-UHFFFAOYSA-N;45184-05-2;InChIKey=TUNFSRHWOTWDNC-UHFFFAOYSA-N
701605;0.847;0.03388;0.0;101.0;314.1;ethene, trichloro-__tetradecanoic acid;j.jct.2012.06.009;Liquid;2;ethene, trichloro-;tetradecanoic acid;C2HCl3;C14H28O2;6;5;6;0;44;16;44;0;ClC=C(Cl)Cl;CCCCCCCCCCCCCC(O)=O;52037-46-4;InChIKey=XSTXAVWGXDQKEL-UHFFFAOYSA-N;45184-05-2;InChIKey=TUNFSRHWOTWDNC-UHFFFAOYSA-N
701611;0.983;0.03932;0.0;101.0;314.1;monochlorobenzene__tetradecanoic acid;j.jct.2012.06.009;Liquid;2;monochlorobenzene;tetradecanoic acid;C6H5Cl;C14H28O2;12;7;12;0;44;16;44;0;Clc1ccccc1;CCCCCCCCCCCCCC(O)=O;68411-45-0;InChIKey=MVPPADPHJFYWMZ-UHFFFAOYSA-N;45184-05-2;InChIKey=TUNFSRHWOTWDNC-UHFFFAOYSA-N
701627;1.24;0.0496;0.0;101.0;314.1;ethyl ethanoate__tetradecanoic acid;j.jct.2012.06.009;Liquid;2;ethyl ethanoate;tetradecanoic acid;C4H8O2;C14H28O2;14;6;14;0;44;16;44;0;CCOC(C)=O;CCCCCCCCCCCCCC(O)=O;141-78-6;InChIKey=XEKOWRVHYACXOJ-UHFFFAOYSA-N;45184-05-2;InChIKey=TUNFSRHWOTWDNC-UHFFFAOYSA-N
701633;1.43;0.0572;0.0;101.0;314.1;dimethyl ketone__tetradecanoic acid;j.jct.2012.06.009;Liquid;2;dimethyl ketone;tetradecanoic acid;C3H6O;C14H28O2;10;4;10;0;44;16;44;0;CC(C)=O;CCCCCCCCCCCCCC(O)=O;67-64-1;InChIKey=CSCPPACGZOOCGX-UHFFFAOYSA-N;45184-05-2;InChIKey=TUNFSRHWOTWDNC-UHFFFAOYSA-N
701639;1.322;0.05288;0.0;101.0;314.1;benzene, methoxy-__tetradecanoic acid;j.jct.2012.06.009;Liquid;2;benzene, methoxy-;tetradecanoic acid;C7H8O;C14H28O2;16;8;16;0;44;16;44;0;COc1ccccc1;CCCCCCCCCCCCCC(O)=O;100-66-3;InChIKey=RDOXTESZEPMUJZ-UHFFFAOYSA-N;45184-05-2;InChIKey=TUNFSRHWOTWDNC-UHFFFAOYSA-N
749684;53.0;3.0;0.0;101.0;298.0;benzene__formamide;j.jct.2013.05.006;Liquid;2;benzene;formamide;C6H6;CH3NO;12;6;12;0;6;3;6;0;c1ccccc1;NC=O;27271-55-2;InChIKey=UHOVQNZJYSORNB-UHFFFAOYSA-N;23296-41-5;InChIKey=ZHNUHDYFZUAESO-UHFFFAOYSA-N
749686;81.0;4.0;0.0;101.0;298.0;formamide__toluene;j.jct.2013.05.006;Liquid;2;formamide;toluene;CH3NO;C7H8;6;3;6;0;15;7;15;0;NC=O;Cc1ccccc1;23296-41-5;InChIKey=ZHNUHDYFZUAESO-UHFFFAOYSA-N;3101-08-4;InChIKey=YXFVVABEGXRONW-UHFFFAOYSA-N
749689;54.0;3.0;0.0;101.0;298.0;formamide__fluorobenzene;j.jct.2013.05.006;Liquid;2;formamide;fluorobenzene;CH3NO;C6H5F;6;3;6;0;12;7;12;0;NC=O;Fc1ccccc1;23296-41-5;InChIKey=ZHNUHDYFZUAESO-UHFFFAOYSA-N;462-06-6;InChIKey=PYLWMHQQBFSUBP-UHFFFAOYSA-N
749691;94.0;8.0;0.0;101.0;298.0;formamide__chlorobenzene;j.jct.2013.05.006;Liquid;2;formamide;chlorobenzene;CH3NO;C6H5Cl;6;3;6;0;12;7;12;0;NC=O;Clc1ccccc1;23296-41-5;InChIKey=ZHNUHDYFZUAESO-UHFFFAOYSA-N;68411-45-0;InChIKey=MVPPADPHJFYWMZ-UHFFFAOYSA-N
749695;159.0;8.0;0.0;101.0;298.0;formamide__1,2-dichlorobenzene;j.jct.2013.05.006;Liquid;2;formamide;1,2-dichlorobenzene;CH3NO;C6H4Cl2;6;3;6;0;12;8;12;0;NC=O;Clc1ccccc1Cl;23296-41-5;InChIKey=ZHNUHDYFZUAESO-UHFFFAOYSA-N;95-50-1;InChIKey=RFFLAFLAYFXFSW-UHFFFAOYSA-N
749696;533.0;30.0;0.0;101.0;298.0;formamide__naphthalene;j.jct.2013.05.006;Liquid;2;formamide;naphthalene;CH3NO;C10H8;6;3;6;0;18;10;18;0;NC=O;c1ccc2ccccc2c1;23296-41-5;InChIKey=ZHNUHDYFZUAESO-UHFFFAOYSA-N;72931-45-4;InChIKey=UFWIBTONFRDIAS-UHFFFAOYSA-N
749698;1320.0;70.0;0.0;101.0;298.0;formamide__1,1'-biphenyl;j.jct.2013.05.006;Liquid;2;formamide;1,1'-biphenyl;CH3NO;C12H10;6;3;6;0;22;12;22;0;NC=O;c1ccc(cc1)c2ccccc2;23296-41-5;InChIKey=ZHNUHDYFZUAESO-UHFFFAOYSA-N;81846-81-3;InChIKey=ZUOUZKKEUPVFJK-UHFFFAOYSA-N
996155;436.0;;0.0;101.325;303.15;ethylene glycol__n-pentane;j.jct.2016.10.013;Liquid;2;ethylene glycol;n-pentane;C2H6O2;C5H12;10;4;10;0;17;5;17;0;OCCO;CCCCC;37221-95-7;InChIKey=LYCAIKOWRPUZTN-UHFFFAOYSA-N;109-66-0;InChIKey=OFBQJSOFQDEBGM-UHFFFAOYSA-N
996158;74.1;;0.0;101.325;304.15;n-pentane__diethylene glycol;j.jct.2016.10.013;Liquid;2;n-pentane;diethylene glycol;C5H12;C4H10O3;17;5;17;0;17;7;17;0;CCCCC;OCCOCCO;109-66-0;InChIKey=OFBQJSOFQDEBGM-UHFFFAOYSA-N;111-46-6;InChIKey=MTHSVFCYNBDYFN-UHFFFAOYSA-N
996161;716.0;;0.0;101.325;303.15;ethylene glycol__n-hexane;j.jct.2016.10.013;Liquid;2;ethylene glycol;n-hexane;C2H6O2;C6H14;10;4;10;0;20;6;20;0;OCCO;CCCCCC;37221-95-7;InChIKey=LYCAIKOWRPUZTN-UHFFFAOYSA-N;92112-69-1;InChIKey=VLKZOEOYAKHREP-UHFFFAOYSA-N
996164;1200.0;;0.0;101.325;303.15;ethylene glycol__n-heptane;j.jct.2016.10.013;Liquid;2;ethylene glycol;n-heptane;C2H6O2;C7H16;10;4;10;0;23;7;23;0;OCCO;CCCCCCC;37221-95-7;InChIKey=LYCAIKOWRPUZTN-UHFFFAOYSA-N;142-82-5;InChIKey=IMNFDUFMRHMDMM-UHFFFAOYSA-N
996167;1960.0;;0.0;101.325;303.15;ethylene glycol__n-octane;j.jct.2016.10.013;Liquid;2;ethylene glycol;n-octane;C2H6O2;C8H18;10;4;10;0;26;8;26;0;OCCO;CCCCCCCC;37221-95-7;InChIKey=LYCAIKOWRPUZTN-UHFFFAOYSA-N;31372-91-5;InChIKey=TVMXDCGIABBOFY-UHFFFAOYSA-N
996170;2960.0;;0.0;101.325;303.15;ethylene glycol__n-nonane;j.jct.2016.10.013;Liquid;2;ethylene glycol;n-nonane;C2H6O2;C9H20;10;4;10;0;29;9;29;0;OCCO;CCCCCCCCC;37221-95-7;InChIKey=LYCAIKOWRPUZTN-UHFFFAOYSA-N;111-84-2;InChIKey=BKIMMITUMNQMOS-UHFFFAOYSA-N
996173;330.0;;0.0;101.325;303.15;ethylene glycol__1-hexene;j.jct.2016.10.013;Liquid;2;ethylene glycol;1-hexene;C2H6O2;C6H12;10;4;10;0;18;6;18;0;OCCO;CCCCC=C;37221-95-7;InChIKey=LYCAIKOWRPUZTN-UHFFFAOYSA-N;153522-12-4;InChIKey=LIKMAJRDDDTEIG-UHFFFAOYSA-N
996176;570.0;;0.0;101.325;303.15;ethylene glycol__1-heptene;j.jct.2016.10.013;Liquid;2;ethylene glycol;1-heptene;C2H6O2;C7H14;10;4;10;0;21;7;21;0;OCCO;CCCCCC=C;37221-95-7;InChIKey=LYCAIKOWRPUZTN-UHFFFAOYSA-N;68526-53-4;InChIKey=ZGEGCLOFRBLKSE-UHFFFAOYSA-N
996179;962.0;;0.0;101.325;303.15;ethylene glycol__1-octene;j.jct.2016.10.013;Liquid;2;ethylene glycol;1-octene;C2H6O2;C8H16;10;4;10;0;24;8;24;0;OCCO;CCCCCCC=C;37221-95-7;InChIKey=LYCAIKOWRPUZTN-UHFFFAOYSA-N;68526-54-5;InChIKey=KWKAKUADMBZCLK-UHFFFAOYSA-N
996182;1610.0;;0.0;101.325;303.15;ethylene glycol__1-nonene;j.jct.2016.10.013;Liquid;2;ethylene glycol;1-nonene;C2H6O2;C9H18;10;4;10;0;27;9;27;0;OCCO;CCCCCCCC=C;37221-95-7;InChIKey=LYCAIKOWRPUZTN-UHFFFAOYSA-N;68855-57-2;InChIKey=JRZJOMJEPLMPRA-UHFFFAOYSA-N
996185;163.0;;0.0;101.325;303.15;ethylene glycol__cyclopentane;j.jct.2016.10.013;Liquid;2;ethylene glycol;cyclopentane;C2H6O2;C5H10;10;4;10;0;15;5;15;0;OCCO;C1CCCC1;37221-95-7;InChIKey=LYCAIKOWRPUZTN-UHFFFAOYSA-N;287-92-3;InChIKey=RGSFGYAAUTVSQA-UHFFFAOYSA-N
996188;270.0;;0.0;101.325;303.15;ethylene glycol__cyclohexane;j.jct.2016.10.013;Liquid;2;ethylene glycol;cyclohexane;C2H6O2;C6H12;10;4;10;0;18;6;18;0;OCCO;C1CCCCC1;37221-95-7;InChIKey=LYCAIKOWRPUZTN-UHFFFAOYSA-N;25012-93-5;InChIKey=XDTMQSROBMDMFD-UHFFFAOYSA-N
996191;473.0;;0.0;101.325;303.15;ethylene glycol__methylcyclohexane;j.jct.2016.10.013;Liquid;2;ethylene glycol;methylcyclohexane;C2H6O2;C7H14;10;4;10;0;21;7;21;0;OCCO;CC1CCCCC1;37221-95-7;InChIKey=LYCAIKOWRPUZTN-UHFFFAOYSA-N;108-87-2;InChIKey=UAEPNZWRGJTJPN-UHFFFAOYSA-N
996194;112.0;;0.0;101.325;304.15;n-hexane__diethylene glycol;j.jct.2016.10.013;Liquid;2;n-hexane;diethylene glycol;C6H14;C4H10O3;20;6;20;0;17;7;17;0;CCCCCC;OCCOCCO;92112-69-1;InChIKey=VLKZOEOYAKHREP-UHFFFAOYSA-N;111-46-6;InChIKey=MTHSVFCYNBDYFN-UHFFFAOYSA-N
996197;174.0;;0.0;101.325;304.15;diethylene glycol__n-heptane;j.jct.2016.10.013;Liquid;2;diethylene glycol;n-heptane;C4H10O3;C7H16;17;7;17;0;23;7;23;0;OCCOCCO;CCCCCCC;111-46-6;InChIKey=MTHSVFCYNBDYFN-UHFFFAOYSA-N;142-82-5;InChIKey=IMNFDUFMRHMDMM-UHFFFAOYSA-N
996200;249.0;;0.0;101.325;304.15;diethylene glycol__n-octane;j.jct.2016.10.013;Liquid;2;diethylene glycol;n-octane;C4H10O3;C8H18;17;7;17;0;26;8;26;0;OCCOCCO;CCCCCCCC;111-46-6;InChIKey=MTHSVFCYNBDYFN-UHFFFAOYSA-N;31372-91-5;InChIKey=TVMXDCGIABBOFY-UHFFFAOYSA-N
996203;371.0;;0.0;101.325;304.15;diethylene glycol__n-nonane;j.jct.2016.10.013;Liquid;2;diethylene glycol;n-nonane;C4H10O3;C9H20;17;7;17;0;29;9;29;0;OCCOCCO;CCCCCCCCC;111-46-6;InChIKey=MTHSVFCYNBDYFN-UHFFFAOYSA-N;111-84-2;InChIKey=BKIMMITUMNQMOS-UHFFFAOYSA-N
996206;56.3;;0.0;101.325;304.15;diethylene glycol__1-hexene;j.jct.2016.10.013;Liquid;2;diethylene glycol;1-hexene;C4H10O3;C6H12;17;7;17;0;18;6;18;0;OCCOCCO;CCCCC=C;111-46-6;InChIKey=MTHSVFCYNBDYFN-UHFFFAOYSA-N;153522-12-4;InChIKey=LIKMAJRDDDTEIG-UHFFFAOYSA-N
996209;84.0;;0.0;101.325;304.15;diethylene glycol__1-heptene;j.jct.2016.10.013;Liquid;2;diethylene glycol;1-heptene;C4H10O3;C7H14;17;7;17;0;21;7;21;0;OCCOCCO;CCCCCC=C;111-46-6;InChIKey=MTHSVFCYNBDYFN-UHFFFAOYSA-N;68526-53-4;InChIKey=ZGEGCLOFRBLKSE-UHFFFAOYSA-N
996212;126.0;;0.0;101.325;304.15;diethylene glycol__1-octene;j.jct.2016.10.013;Liquid;2;diethylene glycol;1-octene;C4H10O3;C8H16;17;7;17;0;24;8;24;0;OCCOCCO;CCCCCCC=C;111-46-6;InChIKey=MTHSVFCYNBDYFN-UHFFFAOYSA-N;68526-54-5;InChIKey=KWKAKUADMBZCLK-UHFFFAOYSA-N
996215;188.0;;0.0;101.325;304.15;diethylene glycol__1-nonene;j.jct.2016.10.013;Liquid;2;diethylene glycol;1-nonene;C4H10O3;C9H18;17;7;17;0;27;9;27;0;OCCOCCO;CCCCCCCC=C;111-46-6;InChIKey=MTHSVFCYNBDYFN-UHFFFAOYSA-N;68855-57-2;InChIKey=JRZJOMJEPLMPRA-UHFFFAOYSA-N
996218;33.8;;0.0;101.325;304.15;diethylene glycol__cyclopentane;j.jct.2016.10.013;Liquid;2;diethylene glycol;cyclopentane;C4H10O3;C5H10;17;7;17;0;15;5;15;0;OCCOCCO;C1CCCC1;111-46-6;InChIKey=MTHSVFCYNBDYFN-UHFFFAOYSA-N;287-92-3;InChIKey=RGSFGYAAUTVSQA-UHFFFAOYSA-N
996221;50.6;;0.0;101.325;304.15;cyclohexane__diethylene glycol;j.jct.2016.10.013;Liquid;2;cyclohexane;diethylene glycol;C6H12;C4H10O3;18;6;18;0;17;7;17;0;C1CCCCC1;OCCOCCO;25012-93-5;InChIKey=XDTMQSROBMDMFD-UHFFFAOYSA-N;111-46-6;InChIKey=MTHSVFCYNBDYFN-UHFFFAOYSA-N
996224;77.2;;0.0;101.325;304.15;methylcyclohexane__diethylene glycol;j.jct.2016.10.013;Liquid;2;methylcyclohexane;diethylene glycol;C7H14;C4H10O3;21;7;21;0;17;7;17;0;CC1CCCCC1;OCCOCCO;108-87-2;InChIKey=UAEPNZWRGJTJPN-UHFFFAOYSA-N;111-46-6;InChIKey=MTHSVFCYNBDYFN-UHFFFAOYSA-N
1056066;0.46;;0.0;101.0;298.15;methanol__n-butylamine;j.tca.2012.02.005;Liquid;2;methanol;n-butylamine;CH4O;C4H11N;6;2;6;0;16;5;16;0;CO;CCCCN;54841-71-3;InChIKey=OKKJLVBELUTLKV-UHFFFAOYSA-N;85404-21-3;InChIKey=HQABUPZFAYXKJW-UHFFFAOYSA-N
1056072;0.75;;0.0;101.0;298.15;methanol__2-butanamine;j.tca.2012.02.005;Liquid;2;methanol;2-butanamine;CH4O;C4H11N;6;2;6;0;16;5;16;0;CO;CCC(C)N;54841-71-3;InChIKey=OKKJLVBELUTLKV-UHFFFAOYSA-N;513-49-5;InChIKey=BHRZNVHARXXAHW-UHFFFAOYSA-N
1056076;1.15;;0.0;101.0;298.15;benzene__2-butanamine;j.tca.2012.02.005;Liquid;2;benzene;2-butanamine;C6H6;C4H11N;12;6;12;0;16;5;16;0;c1ccccc1;CCC(C)N;27271-55-2;InChIKey=UHOVQNZJYSORNB-UHFFFAOYSA-N;513-49-5;InChIKey=BHRZNVHARXXAHW-UHFFFAOYSA-N
1056079;0.25;;0.0;101.0;298.15;methanol__tert-butylamine;j.tca.2012.02.005;Liquid;2;methanol;tert-butylamine;CH4O;C4H11N;6;2;6;0;16;5;16;0;CO;CC(C)(C)N;54841-71-3;InChIKey=OKKJLVBELUTLKV-UHFFFAOYSA-N;75-64-9;InChIKey=YBRBMKDOPFTVDT-UHFFFAOYSA-N
1056083;1.32;;0.0;101.0;298.15;benzene__tert-butylamine;j.tca.2012.02.005;Liquid;2;benzene;tert-butylamine;C6H6;C4H11N;12;6;12;0;16;5;16;0;c1ccccc1;CC(C)(C)N;27271-55-2;InChIKey=UHOVQNZJYSORNB-UHFFFAOYSA-N;75-64-9;InChIKey=YBRBMKDOPFTVDT-UHFFFAOYSA-N
1056086;13.7;;0.0;101.0;298.15;methanol__1-aminohexane;j.tca.2012.02.005;Liquid;2;methanol;1-aminohexane;CH4O;C6H15N;6;2;6;0;22;7;22;0;CO;CCCCCCN;54841-71-3;InChIKey=OKKJLVBELUTLKV-UHFFFAOYSA-N;85404-23-5;InChIKey=BMVXCPBXGZKUPN-UHFFFAOYSA-N
1056090;16.2;;0.0;101.0;298.15;benzene__1-aminohexane;j.tca.2012.02.005;Liquid;2;benzene;1-aminohexane;C6H6;C6H15N;12;6;12;0;22;7;22;0;c1ccccc1;CCCCCCN;27271-55-2;InChIKey=UHOVQNZJYSORNB-UHFFFAOYSA-N;85404-23-5;InChIKey=BMVXCPBXGZKUPN-UHFFFAOYSA-N
1056093;4.81;;0.0;101.0;298.15;methanol__cyclohexylamine;j.tca.2012.02.005;Liquid;2;methanol;cyclohexylamine;CH4O;C6H13N;6;2;6;0;20;7;20;0;CO;NC1CCCCC1;54841-71-3;InChIKey=OKKJLVBELUTLKV-UHFFFAOYSA-N;157973-60-9;InChIKey=PAFZNILMFXTMIY-UHFFFAOYSA-N
1056097;6.43;;0.0;101.0;298.15;benzene__cyclohexylamine;j.tca.2012.02.005;Liquid;2;benzene;cyclohexylamine;C6H6;C6H13N;12;6;12;0;20;7;20;0;c1ccccc1;NC1CCCCC1;27271-55-2;InChIKey=UHOVQNZJYSORNB-UHFFFAOYSA-N;157973-60-9;InChIKey=PAFZNILMFXTMIY-UHFFFAOYSA-N
1056100;0.33;;0.0;101.0;298.15;methanol__N-ethylethanamine;j.tca.2012.02.005;Liquid;2;methanol;N-ethylethanamine;CH4O;C4H11N;6;2;6;0;16;5;16;0;CO;CCNCC;54841-71-3;InChIKey=OKKJLVBELUTLKV-UHFFFAOYSA-N;109-89-7;InChIKey=HPNMFZURTQLUMO-UHFFFAOYSA-N
1056106;0.91;;0.0;101.0;298.15;methanol__dipropylamine;j.tca.2012.02.005;Liquid;2;methanol;dipropylamine;CH4O;C6H15N;6;2;6;0;22;7;22;0;CO;CCCNCCC;54841-71-3;InChIKey=OKKJLVBELUTLKV-UHFFFAOYSA-N;142-84-7;InChIKey=WEHWNAOGRSTTBQ-UHFFFAOYSA-N
1056110;1.48;;0.0;101.0;298.15;benzene__dipropylamine;j.tca.2012.02.005;Liquid;2;benzene;dipropylamine;C6H6;C6H15N;12;6;12;0;22;7;22;0;c1ccccc1;CCCNCCC;27271-55-2;InChIKey=UHOVQNZJYSORNB-UHFFFAOYSA-N;142-84-7;InChIKey=WEHWNAOGRSTTBQ-UHFFFAOYSA-N
1056116;1.28;;0.0;101.0;298.15;benzene__N,N-diethylethanamine;j.tca.2012.02.005;Liquid;2;benzene;N,N-diethylethanamine;C6H6;C6H15N;12;6;12;0;22;7;22;0;c1ccccc1;CCN(CC)CC;27271-55-2;InChIKey=UHOVQNZJYSORNB-UHFFFAOYSA-N;121-44-8;InChIKey=ZMANZCXQSJIPKH-UHFFFAOYSA-N
1056117;8.79;;0.0;101.0;298.15;methanol__N,N-dipropylpropanamine;j.tca.2012.02.005;Liquid;2;methanol;N,N-dipropylpropanamine;CH4O;C9H21N;6;2;6;0;31;10;31;0;CO;CCCN(CCC)CCC;54841-71-3;InChIKey=OKKJLVBELUTLKV-UHFFFAOYSA-N;102-69-2;InChIKey=YFTHZRPMJXBUME-UHFFFAOYSA-N
1056118;2.79;;0.0;101.0;298.15;benzene__N,N-dipropylpropanamine;j.tca.2012.02.005;Liquid;2;benzene;N,N-dipropylpropanamine;C6H6;C9H21N;12;6;12;0;31;10;31;0;c1ccccc1;CCCN(CCC)CCC;27271-55-2;InChIKey=UHOVQNZJYSORNB-UHFFFAOYSA-N;102-69-2;InChIKey=YFTHZRPMJXBUME-UHFFFAOYSA-N
1056119;1.01;;0.0;101.0;298.15;N,N-dipropylpropanamine__cetane;j.tca.2012.02.005;Liquid;2;N,N-dipropylpropanamine;cetane;C9H21N;C16H34;31;10;31;0;50;16;50;0;CCCN(CCC)CCC;CCCCCCCCCCCCCCCC;102-69-2;InChIKey=YFTHZRPMJXBUME-UHFFFAOYSA-N;544-76-3;InChIKey=DCAYPVUWAIABOU-UHFFFAOYSA-N
1056120;1.2;;0.0;101.0;298.15;methanol__azine;j.tca.2012.02.005;Liquid;2;methanol;azine;CH4O;C5H5N;6;2;6;0;11;6;11;0;CO;c1ccncc1;54841-71-3;InChIKey=OKKJLVBELUTLKV-UHFFFAOYSA-N;152758-95-7;InChIKey=JUJWROOIHBZHMG-UHFFFAOYSA-N
1056121;0.75;;0.0;101.0;298.15;methanol__2-picoline;j.tca.2012.02.005;Liquid;2;methanol;2-picoline;CH4O;C6H7N;6;2;6;0;14;7;14;0;CO;Cc1ccccn1;54841-71-3;InChIKey=OKKJLVBELUTLKV-UHFFFAOYSA-N;109-06-8;InChIKey=BSKHPKMHTQYZBB-UHFFFAOYSA-N
1056123;0.82;;0.0;101.0;298.15;methanol__pyridine, 3-methyl-;j.tca.2012.02.005;Liquid;2;methanol;pyridine, 3-methyl-;CH4O;C6H7N;6;2;6;0;14;7;14;0;CO;Cc1cccnc1;54841-71-3;InChIKey=OKKJLVBELUTLKV-UHFFFAOYSA-N;82005-08-1;InChIKey=ITQTTZVARXURQS-UHFFFAOYSA-N
1056125;0.96;;0.0;101.0;298.15;benzene__pyridine, 3-methyl-;j.tca.2012.02.005;Liquid;2;benzene;pyridine, 3-methyl-;C6H6;C6H7N;12;6;12;0;14;7;14;0;c1ccccc1;Cc1cccnc1;27271-55-2;InChIKey=UHOVQNZJYSORNB-UHFFFAOYSA-N;82005-08-1;InChIKey=ITQTTZVARXURQS-UHFFFAOYSA-N
1056126;1.0;;0.0;101.0;298.15;methanol__4-methylpyridine;j.tca.2012.02.005;Liquid;2;methanol;4-methylpyridine;CH4O;C6H7N;6;2;6;0;14;7;14;0;CO;Cc1ccncc1;54841-71-3;InChIKey=OKKJLVBELUTLKV-UHFFFAOYSA-N;51010-00-5;InChIKey=FKNQCJSGGFJEIZ-UHFFFAOYSA-N
1056128;0.94;;0.0;101.0;298.15;methanol__pyridine, 2,6-dimethyl-;j.tca.2012.02.005;Liquid;2;methanol;pyridine, 2,6-dimethyl-;CH4O;C7H9N;6;2;6;0;17;8;17;0;CO;Cc1cccc(C)n1;54841-71-3;InChIKey=OKKJLVBELUTLKV-UHFFFAOYSA-N;108-48-5;InChIKey=OISVCGZHLKNMSJ-UHFFFAOYSA-N
1204460;3.77;;0.0;101.325;298.15;ethanol__water;je0495942;Liquid;2;ethanol;water;C2H6O;H2O;9;3;9;0;3;1;3;0;CCO;O;121182-78-3;InChIKey=LFQSCWFLJHTTHZ-UHFFFAOYSA-N;14314-42-2;InChIKey=XLYOFNOQVPJJNP-UHFFFAOYSA-N
1204466;13.4;;0.0;101.325;298.01;1-propanol__water;je0495942;Liquid;2;1-propanol;water;C3H8O;H2O;12;4;12;0;3;1;3;0;CCCO;O;71-23-8;InChIKey=BDERNNFJNOPAEC-UHFFFAOYSA-N;14314-42-2;InChIKey=XLYOFNOQVPJJNP-UHFFFAOYSA-N
1204478;7.62;;0.0;101.325;298.01;propanone__water;je0495942;Liquid;2;propanone;water;C3H6O;H2O;10;4;10;0;3;1;3;0;CC(C)=O;O;67-64-1;InChIKey=CSCPPACGZOOCGX-UHFFFAOYSA-N;14314-42-2;InChIKey=XLYOFNOQVPJJNP-UHFFFAOYSA-N
1204487;25.8;;0.0;101.325;297.85;butanone__water;je0495942;Liquid;2;butanone;water;C4H8O;H2O;13;5;13;0;3;1;3;0;CCC(C)=O;O;78-93-3;InChIKey=ZWEHNKRNPOVVGH-UHFFFAOYSA-N;14314-42-2;InChIKey=XLYOFNOQVPJJNP-UHFFFAOYSA-N
1204491;148.0;;0.0;101.325;298.15;2-pentanone__water;je0495942;Liquid;2;2-pentanone;water;C5H10O;H2O;16;6;16;0;3;1;3;0;CCCC(C)=O;O;27154-67-2;InChIKey=XNLICIUVMPYHGG-UHFFFAOYSA-N;14314-42-2;InChIKey=XLYOFNOQVPJJNP-UHFFFAOYSA-N
1204495;319.0;;0.0;101.325;297.85;2-hexanone__water;je0495942;Liquid;2;2-hexanone;water;C6H12O;H2O;19;7;19;0;3;1;3;0;CCCCC(C)=O;O;591-78-6;InChIKey=QQZOPKMRPOGIEB-UHFFFAOYSA-N;14314-42-2;InChIKey=XLYOFNOQVPJJNP-UHFFFAOYSA-N
1204503;13.3;;0.0;101.325;298.1;2,3-butanedione__water;je0495942;Liquid;2;2,3-butanedione;water;C4H6O2;H2O;12;6;12;0;3;1;3;0;CC(=O)C(C)=O;O;625-34-3;InChIKey=QSJXEFYPDANLFS-UHFFFAOYSA-N;14314-42-2;InChIKey=XLYOFNOQVPJJNP-UHFFFAOYSA-N
1204517;175.0;5.25;0.0;101.325;298.01;2-thiapropane__water;je0495942;Liquid;2;2-thiapropane;water;C2H6S;H2O;9;3;9;0;3;1;3;0;CSC;O;75-18-3;InChIKey=QMMFVYPAHWMCMS-UHFFFAOYSA-N;14314-42-2;InChIKey=XLYOFNOQVPJJNP-UHFFFAOYSA-N
1204538;4.08;;0.0;101.325;298.13;ethanal__water;je0495942;Liquid;2;ethanal;water;C2H4O;H2O;7;3;7;0;3;1;3;0;CC=O;O;75-07-0;InChIKey=IKHGUXGNUITLKF-UHFFFAOYSA-N;14314-42-2;InChIKey=XLYOFNOQVPJJNP-UHFFFAOYSA-N
1367992;2.52;0.0756;0.0;101.0;279.99;benzene__propane;je060395n;Liquid;2;benzene;propane;C6H6;C3H8;12;6;12;0;11;3;11;0;c1ccccc1;CCC;27271-55-2;InChIKey=UHOVQNZJYSORNB-UHFFFAOYSA-N;69430-33-7;InChIKey=ATUOYWHBWRKTHZ-UHFFFAOYSA-N
1368002;2.05;0.0615;0.0;101.0;270.0;propane__toluene;je060395n;Liquid;2;propane;toluene;C3H8;C7H8;11;3;11;0;15;7;15;0;CCC;Cc1ccccc1;69430-33-7;InChIKey=ATUOYWHBWRKTHZ-UHFFFAOYSA-N;3101-08-4;InChIKey=YXFVVABEGXRONW-UHFFFAOYSA-N
1368012;2.05;0.0615;0.0;101.0;270.13;propane__1,2-dimethylbenzene;je060395n;Liquid;2;propane;1,2-dimethylbenzene;C3H8;C8H10;11;3;11;0;18;8;18;0;CCC;Cc1ccccc1C;69430-33-7;InChIKey=ATUOYWHBWRKTHZ-UHFFFAOYSA-N;95-47-6;InChIKey=CTQNGGLPUBDAKN-UHFFFAOYSA-N
1368022;1.86;0.0558;0.0;101.0;270.1;propane__1,3-dimethylbenzene;je060395n;Liquid;2;propane;1,3-dimethylbenzene;C3H8;C8H10;11;3;11;0;18;8;18;0;CCC;Cc1cccc(C)c1;69430-33-7;InChIKey=ATUOYWHBWRKTHZ-UHFFFAOYSA-N;108-38-3;InChIKey=IVSZLXZYQVIEFR-UHFFFAOYSA-N
1368031;1.73;0.0519;0.0;101.0;289.99;propane__1,4-dimethylbenzene;je060395n;Liquid;2;propane;1,4-dimethylbenzene;C3H8;C8H10;11;3;11;0;18;8;18;0;CCC;Cc1ccc(C)cc1;69430-33-7;InChIKey=ATUOYWHBWRKTHZ-UHFFFAOYSA-N;106-42-3;InChIKey=URLKBWYHVLBVBO-UHFFFAOYSA-N
1368041;3.97;0.1191;0.0;101.0;270.07;propane__styrene;je060395n;Liquid;2;propane;styrene;C3H8;C8H8;11;3;11;0;16;8;16;0;CCC;C=Cc1ccccc1;69430-33-7;InChIKey=ATUOYWHBWRKTHZ-UHFFFAOYSA-N;79637-11-9;InChIKey=PPBRXRYQALVLMV-UHFFFAOYSA-N
1368048;1.77;0.0531;0.0;101.0;279.99;benzene__propene;je060395n;Liquid;2;benzene;propene;C6H6;C3H6;12;6;12;0;9;3;9;0;c1ccccc1;CC=C;27271-55-2;InChIKey=UHOVQNZJYSORNB-UHFFFAOYSA-N;115-07-1;InChIKey=QQONPFPTGQHPMA-UHFFFAOYSA-N
1368058;1.51;0.0453;0.0;101.0;270.0;toluene__propene;je060395n;Liquid;2;toluene;propene;C7H8;C3H6;15;7;15;0;9;3;9;0;Cc1ccccc1;CC=C;3101-08-4;InChIKey=YXFVVABEGXRONW-UHFFFAOYSA-N;115-07-1;InChIKey=QQONPFPTGQHPMA-UHFFFAOYSA-N
1368068;1.56;0.0468;0.0;101.0;270.13;1,2-dimethylbenzene__propene;je060395n;Liquid;2;1,2-dimethylbenzene;propene;C8H10;C3H6;18;8;18;0;9;3;9;0;Cc1ccccc1C;CC=C;95-47-6;InChIKey=CTQNGGLPUBDAKN-UHFFFAOYSA-N;115-07-1;InChIKey=QQONPFPTGQHPMA-UHFFFAOYSA-N
1368078;1.46;0.0438;0.0;101.0;270.1;1,3-dimethylbenzene__propene;je060395n;Liquid;2;1,3-dimethylbenzene;propene;C8H10;C3H6;18;8;18;0;9;3;9;0;Cc1cccc(C)c1;CC=C;108-38-3;InChIKey=IVSZLXZYQVIEFR-UHFFFAOYSA-N;115-07-1;InChIKey=QQONPFPTGQHPMA-UHFFFAOYSA-N
1368087;1.39;0.0417;0.0;101.0;289.99;1,4-dimethylbenzene__propene;je060395n;Liquid;2;1,4-dimethylbenzene;propene;C8H10;C3H6;18;8;18;0;9;3;9;0;Cc1ccc(C)cc1;CC=C;106-42-3;InChIKey=URLKBWYHVLBVBO-UHFFFAOYSA-N;115-07-1;InChIKey=QQONPFPTGQHPMA-UHFFFAOYSA-N
1368097;2.75;0.0825;0.0;101.0;270.07;styrene__propene;je060395n;Liquid;2;styrene;propene;C8H8;C3H6;16;8;16;0;9;3;9;0;C=Cc1ccccc1;CC=C;79637-11-9;InChIKey=PPBRXRYQALVLMV-UHFFFAOYSA-N;115-07-1;InChIKey=QQONPFPTGQHPMA-UHFFFAOYSA-N
1368104;2.51;0.0753;0.0;101.0;279.99;benzene__butane;je060395n;Liquid;2;benzene;butane;C6H6;C4H10;12;6;12;0;14;4;14;0;c1ccccc1;CCCC;27271-55-2;InChIKey=UHOVQNZJYSORNB-UHFFFAOYSA-N;106-97-8;InChIKey=IJDNQMDRQITEOD-UHFFFAOYSA-N
1368114;1.97;0.0591;0.0;101.0;270.0;butane__toluene;je060395n;Liquid;2;butane;toluene;C4H10;C7H8;14;4;14;0;15;7;15;0;CCCC;Cc1ccccc1;106-97-8;InChIKey=IJDNQMDRQITEOD-UHFFFAOYSA-N;3101-08-4;InChIKey=YXFVVABEGXRONW-UHFFFAOYSA-N
1368124;1.95;0.0585;0.0;101.0;270.13;1,2-dimethylbenzene__butane;je060395n;Liquid;2;1,2-dimethylbenzene;butane;C8H10;C4H10;18;8;18;0;14;4;14;0;Cc1ccccc1C;CCCC;95-47-6;InChIKey=CTQNGGLPUBDAKN-UHFFFAOYSA-N;106-97-8;InChIKey=IJDNQMDRQITEOD-UHFFFAOYSA-N
1368134;1.77;0.0531;0.0;101.0;270.1;butane__1,3-dimethylbenzene;je060395n;Liquid;2;butane;1,3-dimethylbenzene;C4H10;C8H10;14;4;14;0;18;8;18;0;CCCC;Cc1cccc(C)c1;106-97-8;InChIKey=IJDNQMDRQITEOD-UHFFFAOYSA-N;108-38-3;InChIKey=IVSZLXZYQVIEFR-UHFFFAOYSA-N
1368143;1.68;0.0504;0.0;101.0;289.99;1,4-dimethylbenzene__butane;je060395n;Liquid;2;1,4-dimethylbenzene;butane;C8H10;C4H10;18;8;18;0;14;4;14;0;Cc1ccc(C)cc1;CCCC;106-42-3;InChIKey=URLKBWYHVLBVBO-UHFFFAOYSA-N;106-97-8;InChIKey=IJDNQMDRQITEOD-UHFFFAOYSA-N
1368153;3.97;0.1191;0.0;101.0;270.07;styrene__butane;je060395n;Liquid;2;styrene;butane;C8H8;C4H10;16;8;16;0;14;4;14;0;C=Cc1ccccc1;CCCC;79637-11-9;InChIKey=PPBRXRYQALVLMV-UHFFFAOYSA-N;106-97-8;InChIKey=IJDNQMDRQITEOD-UHFFFAOYSA-N
1368160;2.81;0.0843;0.0;101.0;279.99;benzene__2-methylpropane;je060395n;Liquid;2;benzene;2-methylpropane;C6H6;C4H10;12;6;12;0;14;4;14;0;c1ccccc1;CC(C)C;27271-55-2;InChIKey=UHOVQNZJYSORNB-UHFFFAOYSA-N;75-28-5;InChIKey=NNPPMTNAJDCUHE-UHFFFAOYSA-N
1368170;2.25;0.0675;0.0;101.0;270.0;2-methylpropane__toluene;je060395n;Liquid;2;2-methylpropane;toluene;C4H10;C7H8;14;4;14;0;15;7;15;0;CC(C)C;Cc1ccccc1;75-28-5;InChIKey=NNPPMTNAJDCUHE-UHFFFAOYSA-N;3101-08-4;InChIKey=YXFVVABEGXRONW-UHFFFAOYSA-N
1368180;2.25;0.0675;0.0;101.0;270.13;2-methylpropane__1,2-dimethylbenzene;je060395n;Liquid;2;2-methylpropane;1,2-dimethylbenzene;C4H10;C8H10;14;4;14;0;18;8;18;0;CC(C)C;Cc1ccccc1C;75-28-5;InChIKey=NNPPMTNAJDCUHE-UHFFFAOYSA-N;95-47-6;InChIKey=CTQNGGLPUBDAKN-UHFFFAOYSA-N
1368190;2.04;0.0612;0.0;101.0;270.1;2-methylpropane__1,3-dimethylbenzene;je060395n;Liquid;2;2-methylpropane;1,3-dimethylbenzene;C4H10;C8H10;14;4;14;0;18;8;18;0;CC(C)C;Cc1cccc(C)c1;75-28-5;InChIKey=NNPPMTNAJDCUHE-UHFFFAOYSA-N;108-38-3;InChIKey=IVSZLXZYQVIEFR-UHFFFAOYSA-N
1368199;1.91;0.0573;0.0;101.0;289.99;2-methylpropane__1,4-dimethylbenzene;je060395n;Liquid;2;2-methylpropane;1,4-dimethylbenzene;C4H10;C8H10;14;4;14;0;18;8;18;0;CC(C)C;Cc1ccc(C)cc1;75-28-5;InChIKey=NNPPMTNAJDCUHE-UHFFFAOYSA-N;106-42-3;InChIKey=URLKBWYHVLBVBO-UHFFFAOYSA-N
1368209;4.64;0.1392;0.0;101.0;270.07;2-methylpropane__styrene;je060395n;Liquid;2;2-methylpropane;styrene;C4H10;C8H8;14;4;14;0;16;8;16;0;CC(C)C;C=Cc1ccccc1;75-28-5;InChIKey=NNPPMTNAJDCUHE-UHFFFAOYSA-N;79637-11-9;InChIKey=PPBRXRYQALVLMV-UHFFFAOYSA-N
1368216;1.76;0.0528;0.0;101.0;279.99;benzene__1-butene;je060395n;Liquid;2;benzene;1-butene;C6H6;C4H8;12;6;12;0;12;4;12;0;c1ccccc1;CCC=C;27271-55-2;InChIKey=UHOVQNZJYSORNB-UHFFFAOYSA-N;61788-35-0;InChIKey=VXNZUUAINFGPBY-UHFFFAOYSA-N
1368226;1.5;0.045;0.0;101.0;270.0;1-butene__toluene;je060395n;Liquid;2;1-butene;toluene;C4H8;C7H8;12;4;12;0;15;7;15;0;CCC=C;Cc1ccccc1;61788-35-0;InChIKey=VXNZUUAINFGPBY-UHFFFAOYSA-N;3101-08-4;InChIKey=YXFVVABEGXRONW-UHFFFAOYSA-N
1368236;1.55;0.0465;0.0;101.0;270.13;1,2-dimethylbenzene__1-butene;je060395n;Liquid;2;1,2-dimethylbenzene;1-butene;C8H10;C4H8;18;8;18;0;12;4;12;0;Cc1ccccc1C;CCC=C;95-47-6;InChIKey=CTQNGGLPUBDAKN-UHFFFAOYSA-N;61788-35-0;InChIKey=VXNZUUAINFGPBY-UHFFFAOYSA-N
1368246;1.44;0.0432;0.0;101.0;270.1;1-butene__1,3-dimethylbenzene;je060395n;Liquid;2;1-butene;1,3-dimethylbenzene;C4H8;C8H10;12;4;12;0;18;8;18;0;CCC=C;Cc1cccc(C)c1;61788-35-0;InChIKey=VXNZUUAINFGPBY-UHFFFAOYSA-N;108-38-3;InChIKey=IVSZLXZYQVIEFR-UHFFFAOYSA-N
1368255;1.37;0.0411;0.0;101.0;289.99;1,4-dimethylbenzene__1-butene;je060395n;Liquid;2;1,4-dimethylbenzene;1-butene;C8H10;C4H8;18;8;18;0;12;4;12;0;Cc1ccc(C)cc1;CCC=C;106-42-3;InChIKey=URLKBWYHVLBVBO-UHFFFAOYSA-N;61788-35-0;InChIKey=VXNZUUAINFGPBY-UHFFFAOYSA-N
1368265;2.76;0.0828;0.0;101.0;270.07;styrene__1-butene;je060395n;Liquid;2;styrene;1-butene;C8H8;C4H8;16;8;16;0;12;4;12;0;C=Cc1ccccc1;CCC=C;79637-11-9;InChIKey=PPBRXRYQALVLMV-UHFFFAOYSA-N;61788-35-0;InChIKey=VXNZUUAINFGPBY-UHFFFAOYSA-N
1368272;1.77;0.0531;0.0;101.0;279.99;benzene__2-methylpropene;je060395n;Liquid;2;benzene;2-methylpropene;C6H6;C4H8;12;6;12;0;12;4;12;0;c1ccccc1;CC(C)=C;27271-55-2;InChIKey=UHOVQNZJYSORNB-UHFFFAOYSA-N;68037-14-9;InChIKey=VQTUBCCKSQIDNK-UHFFFAOYSA-N
1368282;1.52;0.0456;0.0;101.0;270.0;toluene__2-methylpropene;je060395n;Liquid;2;toluene;2-methylpropene;C7H8;C4H8;15;7;15;0;12;4;12;0;Cc1ccccc1;CC(C)=C;3101-08-4;InChIKey=YXFVVABEGXRONW-UHFFFAOYSA-N;68037-14-9;InChIKey=VQTUBCCKSQIDNK-UHFFFAOYSA-N
1368292;1.54;0.0462;0.0;101.0;270.13;1,2-dimethylbenzene__2-methylpropene;je060395n;Liquid;2;1,2-dimethylbenzene;2-methylpropene;C8H10;C4H8;18;8;18;0;12;4;12;0;Cc1ccccc1C;CC(C)=C;95-47-6;InChIKey=CTQNGGLPUBDAKN-UHFFFAOYSA-N;68037-14-9;InChIKey=VQTUBCCKSQIDNK-UHFFFAOYSA-N
1368302;1.43;0.0429;0.0;101.0;270.1;1,3-dimethylbenzene__2-methylpropene;je060395n;Liquid;2;1,3-dimethylbenzene;2-methylpropene;C8H10;C4H8;18;8;18;0;12;4;12;0;Cc1cccc(C)c1;CC(C)=C;108-38-3;InChIKey=IVSZLXZYQVIEFR-UHFFFAOYSA-N;68037-14-9;InChIKey=VQTUBCCKSQIDNK-UHFFFAOYSA-N
1368311;1.37;0.0411;0.0;101.0;289.99;1,4-dimethylbenzene__2-methylpropene;je060395n;Liquid;2;1,4-dimethylbenzene;2-methylpropene;C8H10;C4H8;18;8;18;0;12;4;12;0;Cc1ccc(C)cc1;CC(C)=C;106-42-3;InChIKey=URLKBWYHVLBVBO-UHFFFAOYSA-N;68037-14-9;InChIKey=VQTUBCCKSQIDNK-UHFFFAOYSA-N
1368321;2.79;0.0837;0.0;101.0;270.07;styrene__2-methylpropene;je060395n;Liquid;2;styrene;2-methylpropene;C8H8;C4H8;16;8;16;0;12;4;12;0;C=Cc1ccccc1;CC(C)=C;79637-11-9;InChIKey=PPBRXRYQALVLMV-UHFFFAOYSA-N;68037-14-9;InChIKey=VQTUBCCKSQIDNK-UHFFFAOYSA-N
1368328;1.79;0.0537;0.0;101.0;279.99;benzene__trans-2-butene;je060395n;Liquid;2;benzene;trans-2-butene;C6H6;C4H8;12;6;12;0;12;4;12;0;c1ccccc1;C\C=C\C;27271-55-2;InChIKey=UHOVQNZJYSORNB-UHFFFAOYSA-N;1735-76-8;InChIKey=IAQRGUVFOMOMEM-ONEGZZNKSA-N
1368338;1.46;0.0438;0.0;101.0;270.0;toluene__trans-2-butene;je060395n;Liquid;2;toluene;trans-2-butene;C7H8;C4H8;15;7;15;0;12;4;12;0;Cc1ccccc1;C\C=C\C;3101-08-4;InChIKey=YXFVVABEGXRONW-UHFFFAOYSA-N;1735-76-8;InChIKey=IAQRGUVFOMOMEM-ONEGZZNKSA-N
1368348;1.48;0.0444;0.0;101.0;270.13;1,2-dimethylbenzene__trans-2-butene;je060395n;Liquid;2;1,2-dimethylbenzene;trans-2-butene;C8H10;C4H8;18;8;18;0;12;4;12;0;Cc1ccccc1C;C\C=C\C;95-47-6;InChIKey=CTQNGGLPUBDAKN-UHFFFAOYSA-N;1735-76-8;InChIKey=IAQRGUVFOMOMEM-ONEGZZNKSA-N
1368358;1.39;0.0417;0.0;101.0;270.1;1,3-dimethylbenzene__trans-2-butene;je060395n;Liquid;2;1,3-dimethylbenzene;trans-2-butene;C8H10;C4H8;18;8;18;0;12;4;12;0;Cc1cccc(C)c1;C\C=C\C;108-38-3;InChIKey=IVSZLXZYQVIEFR-UHFFFAOYSA-N;1735-76-8;InChIKey=IAQRGUVFOMOMEM-ONEGZZNKSA-N
1368367;1.32;0.0396;0.0;101.0;289.99;1,4-dimethylbenzene__trans-2-butene;je060395n;Liquid;2;1,4-dimethylbenzene;trans-2-butene;C8H10;C4H8;18;8;18;0;12;4;12;0;Cc1ccc(C)cc1;C\C=C\C;106-42-3;InChIKey=URLKBWYHVLBVBO-UHFFFAOYSA-N;1735-76-8;InChIKey=IAQRGUVFOMOMEM-ONEGZZNKSA-N
1368377;2.68;0.0804;0.0;101.0;270.07;styrene__trans-2-butene;je060395n;Liquid;2;styrene;trans-2-butene;C8H8;C4H8;16;8;16;0;12;4;12;0;C=Cc1ccccc1;C\C=C\C;79637-11-9;InChIKey=PPBRXRYQALVLMV-UHFFFAOYSA-N;1735-76-8;InChIKey=IAQRGUVFOMOMEM-ONEGZZNKSA-N
1368384;1.61;0.0483;0.0;101.0;279.99;benzene__cis-2-butene;je060395n;Liquid;2;benzene;cis-2-butene;C6H6;C4H8;12;6;12;0;12;4;12;0;c1ccccc1;C\C=C/C;27271-55-2;InChIKey=UHOVQNZJYSORNB-UHFFFAOYSA-N;590-18-1;InChIKey=IAQRGUVFOMOMEM-ARJAWSKDSA-N
1368394;1.4;0.042;0.0;101.0;270.0;toluene__cis-2-butene;je060395n;Liquid;2;toluene;cis-2-butene;C7H8;C4H8;15;7;15;0;12;4;12;0;Cc1ccccc1;C\C=C/C;3101-08-4;InChIKey=YXFVVABEGXRONW-UHFFFAOYSA-N;590-18-1;InChIKey=IAQRGUVFOMOMEM-ARJAWSKDSA-N
1368404;1.44;0.0432;0.0;101.0;270.13;1,2-dimethylbenzene__cis-2-butene;je060395n;Liquid;2;1,2-dimethylbenzene;cis-2-butene;C8H10;C4H8;18;8;18;0;12;4;12;0;Cc1ccccc1C;C\C=C/C;95-47-6;InChIKey=CTQNGGLPUBDAKN-UHFFFAOYSA-N;590-18-1;InChIKey=IAQRGUVFOMOMEM-ARJAWSKDSA-N
1368414;1.33;0.0399;0.0;101.0;270.1;1,3-dimethylbenzene__cis-2-butene;je060395n;Liquid;2;1,3-dimethylbenzene;cis-2-butene;C8H10;C4H8;18;8;18;0;12;4;12;0;Cc1cccc(C)c1;C\C=C/C;108-38-3;InChIKey=IVSZLXZYQVIEFR-UHFFFAOYSA-N;590-18-1;InChIKey=IAQRGUVFOMOMEM-ARJAWSKDSA-N
1368423;1.28;0.0384;0.0;101.0;289.99;1,4-dimethylbenzene__cis-2-butene;je060395n;Liquid;2;1,4-dimethylbenzene;cis-2-butene;C8H10;C4H8;18;8;18;0;12;4;12;0;Cc1ccc(C)cc1;C\C=C/C;106-42-3;InChIKey=URLKBWYHVLBVBO-UHFFFAOYSA-N;590-18-1;InChIKey=IAQRGUVFOMOMEM-ARJAWSKDSA-N
1368433;2.52;0.0756;0.0;101.0;270.07;styrene__cis-2-butene;je060395n;Liquid;2;styrene;cis-2-butene;C8H8;C4H8;16;8;16;0;12;4;12;0;C=Cc1ccccc1;C\C=C/C;79637-11-9;InChIKey=PPBRXRYQALVLMV-UHFFFAOYSA-N;590-18-1;InChIKey=IAQRGUVFOMOMEM-ARJAWSKDSA-N
1368440;1.36;0.0408;0.0;101.0;279.99;benzene__1,3-butadiene;je060395n;Liquid;2;benzene;1,3-butadiene;C6H6;C4H6;12;6;12;0;10;4;10;0;c1ccccc1;C=CC=C;27271-55-2;InChIKey=UHOVQNZJYSORNB-UHFFFAOYSA-N;130983-70-9;InChIKey=KAKZBPTYRLMSJV-UHFFFAOYSA-N
1368450;1.18;0.0354;0.0;101.0;270.0;1,3-butadiene__toluene;je060395n;Liquid;2;1,3-butadiene;toluene;C4H6;C7H8;10;4;10;0;15;7;15;0;C=CC=C;Cc1ccccc1;130983-70-9;InChIKey=KAKZBPTYRLMSJV-UHFFFAOYSA-N;3101-08-4;InChIKey=YXFVVABEGXRONW-UHFFFAOYSA-N
1368460;1.23;0.0369;0.0;101.0;270.13;1,2-dimethylbenzene__1,3-butadiene;je060395n;Liquid;2;1,2-dimethylbenzene;1,3-butadiene;C8H10;C4H6;18;8;18;0;10;4;10;0;Cc1ccccc1C;C=CC=C;95-47-6;InChIKey=CTQNGGLPUBDAKN-UHFFFAOYSA-N;130983-70-9;InChIKey=KAKZBPTYRLMSJV-UHFFFAOYSA-N
1368470;1.15;0.0345;0.0;101.0;270.1;1,3-butadiene__1,3-dimethylbenzene;je060395n;Liquid;2;1,3-butadiene;1,3-dimethylbenzene;C4H6;C8H10;10;4;10;0;18;8;18;0;C=CC=C;Cc1cccc(C)c1;130983-70-9;InChIKey=KAKZBPTYRLMSJV-UHFFFAOYSA-N;108-38-3;InChIKey=IVSZLXZYQVIEFR-UHFFFAOYSA-N
1368479;1.16;0.0348;0.0;101.0;289.99;1,4-dimethylbenzene__1,3-butadiene;je060395n;Liquid;2;1,4-dimethylbenzene;1,3-butadiene;C8H10;C4H6;18;8;18;0;10;4;10;0;Cc1ccc(C)cc1;C=CC=C;106-42-3;InChIKey=URLKBWYHVLBVBO-UHFFFAOYSA-N;130983-70-9;InChIKey=KAKZBPTYRLMSJV-UHFFFAOYSA-N
1368489;2.09;0.0627;0.0;101.0;270.07;styrene__1,3-butadiene;je060395n;Liquid;2;styrene;1,3-butadiene;C8H8;C4H6;16;8;16;0;10;4;10;0;C=Cc1ccccc1;C=CC=C;79637-11-9;InChIKey=PPBRXRYQALVLMV-UHFFFAOYSA-N;130983-70-9;InChIKey=KAKZBPTYRLMSJV-UHFFFAOYSA-N
1368496;1.13;0.0339;0.0;101.0;279.95;benzene__methoxymethane;je060395n;Liquid;2;benzene;methoxymethane;C6H6;C2H6O;12;6;12;0;9;3;9;0;c1ccccc1;COC;27271-55-2;InChIKey=UHOVQNZJYSORNB-UHFFFAOYSA-N;115-10-6;InChIKey=LCGLNKUTAGEVQW-UHFFFAOYSA-N
1368505;1.07;0.0321;0.0;101.0;250.04;toluene__methoxymethane;je060395n;Liquid;2;toluene;methoxymethane;C7H8;C2H6O;15;7;15;0;9;3;9;0;Cc1ccccc1;COC;3101-08-4;InChIKey=YXFVVABEGXRONW-UHFFFAOYSA-N;115-10-6;InChIKey=LCGLNKUTAGEVQW-UHFFFAOYSA-N
1368515;1.23;0.0369;0.0;101.0;250.05;1,2-dimethylbenzene__methoxymethane;je060395n;Liquid;2;1,2-dimethylbenzene;methoxymethane;C8H10;C2H6O;18;8;18;0;9;3;9;0;Cc1ccccc1C;COC;95-47-6;InChIKey=CTQNGGLPUBDAKN-UHFFFAOYSA-N;115-10-6;InChIKey=LCGLNKUTAGEVQW-UHFFFAOYSA-N
1368526;1.22;0.0366;0.0;101.0;270.05;1,3-dimethylbenzene__methoxymethane;je060395n;Liquid;2;1,3-dimethylbenzene;methoxymethane;C8H10;C2H6O;18;8;18;0;9;3;9;0;Cc1cccc(C)c1;COC;108-38-3;InChIKey=IVSZLXZYQVIEFR-UHFFFAOYSA-N;115-10-6;InChIKey=LCGLNKUTAGEVQW-UHFFFAOYSA-N
1368535;1.17;0.0351;0.0;101.0;289.97;1,4-dimethylbenzene__methoxymethane;je060395n;Liquid;2;1,4-dimethylbenzene;methoxymethane;C8H10;C2H6O;18;8;18;0;9;3;9;0;Cc1ccc(C)cc1;COC;106-42-3;InChIKey=URLKBWYHVLBVBO-UHFFFAOYSA-N;115-10-6;InChIKey=LCGLNKUTAGEVQW-UHFFFAOYSA-N
1368545;0.97;0.0291;0.0;101.0;250.04;styrene__methoxymethane;je060395n;Liquid;2;styrene;methoxymethane;C8H8;C2H6O;16;8;16;0;9;3;9;0;C=Cc1ccccc1;COC;79637-11-9;InChIKey=PPBRXRYQALVLMV-UHFFFAOYSA-N;115-10-6;InChIKey=LCGLNKUTAGEVQW-UHFFFAOYSA-N
1368554;1.05;0.0315;0.0;101.0;279.95;benzene__chloroethane;je060395n;Liquid;2;benzene;chloroethane;C6H6;C2H5Cl;12;6;12;0;8;3;8;0;c1ccccc1;CCCl;27271-55-2;InChIKey=UHOVQNZJYSORNB-UHFFFAOYSA-N;75-00-3;InChIKey=HRYZWHHZPQKTII-UHFFFAOYSA-N
1368563;0.92;0.0276;0.0;101.0;250.04;chloroethane__toluene;je060395n;Liquid;2;chloroethane;toluene;C2H5Cl;C7H8;8;3;8;0;15;7;15;0;CCCl;Cc1ccccc1;75-00-3;InChIKey=HRYZWHHZPQKTII-UHFFFAOYSA-N;3101-08-4;InChIKey=YXFVVABEGXRONW-UHFFFAOYSA-N
1368573;1.02;0.0306;0.0;101.0;250.05;chloroethane__1,2-dimethylbenzene;je060395n;Liquid;2;chloroethane;1,2-dimethylbenzene;C2H5Cl;C8H10;8;3;8;0;18;8;18;0;CCCl;Cc1ccccc1C;75-00-3;InChIKey=HRYZWHHZPQKTII-UHFFFAOYSA-N;95-47-6;InChIKey=CTQNGGLPUBDAKN-UHFFFAOYSA-N
1368584;1.02;0.0306;0.0;101.0;270.05;chloroethane__1,3-dimethylbenzene;je060395n;Liquid;2;chloroethane;1,3-dimethylbenzene;C2H5Cl;C8H10;8;3;8;0;18;8;18;0;CCCl;Cc1cccc(C)c1;75-00-3;InChIKey=HRYZWHHZPQKTII-UHFFFAOYSA-N;108-38-3;InChIKey=IVSZLXZYQVIEFR-UHFFFAOYSA-N
1368593;1.0;0.03;0.0;101.0;289.97;chloroethane__1,4-dimethylbenzene;je060395n;Liquid;2;chloroethane;1,4-dimethylbenzene;C2H5Cl;C8H10;8;3;8;0;18;8;18;0;CCCl;Cc1ccc(C)cc1;75-00-3;InChIKey=HRYZWHHZPQKTII-UHFFFAOYSA-N;106-42-3;InChIKey=URLKBWYHVLBVBO-UHFFFAOYSA-N
1368603;0.95;0.0285;0.0;101.0;250.04;chloroethane__styrene;je060395n;Liquid;2;chloroethane;styrene;C2H5Cl;C8H8;8;3;8;0;16;8;16;0;CCCl;C=Cc1ccccc1;75-00-3;InChIKey=HRYZWHHZPQKTII-UHFFFAOYSA-N;79637-11-9;InChIKey=PPBRXRYQALVLMV-UHFFFAOYSA-N
1368612;2.42;0.0726;0.0;101.0;279.99;benzene__1,1-difluoroethane;je060395n;Liquid;2;benzene;1,1-difluoroethane;C6H6;C2H4F2;12;6;12;0;8;4;8;0;c1ccccc1;CC(F)F;27271-55-2;InChIKey=UHOVQNZJYSORNB-UHFFFAOYSA-N;71281-71-5;InChIKey=NPNPZTNLOVBDOC-UHFFFAOYSA-N
1368622;2.33;0.0699;0.0;101.0;270.0;1,1-difluoroethane__toluene;je060395n;Liquid;2;1,1-difluoroethane;toluene;C2H4F2;C7H8;8;4;8;0;15;7;15;0;CC(F)F;Cc1ccccc1;71281-71-5;InChIKey=NPNPZTNLOVBDOC-UHFFFAOYSA-N;3101-08-4;InChIKey=YXFVVABEGXRONW-UHFFFAOYSA-N
1368632;2.61;0.0783;0.0;101.0;270.13;1,1-difluoroethane__1,2-dimethylbenzene;je060395n;Liquid;2;1,1-difluoroethane;1,2-dimethylbenzene;C2H4F2;C8H10;8;4;8;0;18;8;18;0;CC(F)F;Cc1ccccc1C;71281-71-5;InChIKey=NPNPZTNLOVBDOC-UHFFFAOYSA-N;95-47-6;InChIKey=CTQNGGLPUBDAKN-UHFFFAOYSA-N
1368642;2.46;0.0738;0.0;101.0;270.1;1,1-difluoroethane__1,3-dimethylbenzene;je060395n;Liquid;2;1,1-difluoroethane;1,3-dimethylbenzene;C2H4F2;C8H10;8;4;8;0;18;8;18;0;CC(F)F;Cc1cccc(C)c1;71281-71-5;InChIKey=NPNPZTNLOVBDOC-UHFFFAOYSA-N;108-38-3;InChIKey=IVSZLXZYQVIEFR-UHFFFAOYSA-N
1368651;2.36;0.0708;0.0;101.0;289.99;1,1-difluoroethane__1,4-dimethylbenzene;je060395n;Liquid;2;1,1-difluoroethane;1,4-dimethylbenzene;C2H4F2;C8H10;8;4;8;0;18;8;18;0;CC(F)F;Cc1ccc(C)cc1;71281-71-5;InChIKey=NPNPZTNLOVBDOC-UHFFFAOYSA-N;106-42-3;InChIKey=URLKBWYHVLBVBO-UHFFFAOYSA-N
1368661;3.67;0.1101;0.0;101.0;270.07;1,1-difluoroethane__styrene;je060395n;Liquid;2;1,1-difluoroethane;styrene;C2H4F2;C8H8;8;4;8;0;16;8;16;0;CC(F)F;C=Cc1ccccc1;71281-71-5;InChIKey=NPNPZTNLOVBDOC-UHFFFAOYSA-N;79637-11-9;InChIKey=PPBRXRYQALVLMV-UHFFFAOYSA-N
1528335;2164.0;;0.0;101.0;313.15;1-octen-3-ol__water;je2013878;Liquid;2;1-octen-3-ol;water;C8H16O;H2O;25;9;25;0;3;1;3;0;CCCCCC(O)C=C;O;50999-79-6;InChIKey=VSMOENVRRABVKN-UHFFFAOYSA-N;14314-42-2;InChIKey=XLYOFNOQVPJJNP-UHFFFAOYSA-N
1528336;49.0;;0.0;101.0;313.15;1-penten-3-ol__water;je2013878;Liquid;2;1-penten-3-ol;water;C5H10O;H2O;16;6;16;0;3;1;3;0;CCC(O)C=C;O;616-25-1;InChIKey=VHVMXWZXFBOANQ-UHFFFAOYSA-N;14314-42-2;InChIKey=XLYOFNOQVPJJNP-UHFFFAOYSA-N
1528337;179.0;;0.0;101.0;313.15;butanal, 3-methyl-__water;je2013878;Liquid;2;butanal, 3-methyl-;water;C5H10O;H2O;16;6;16;0;3;1;3;0;CC(C)CC=O;O;590-86-3;InChIKey=YGHRJJRRZDOVPD-UHFFFAOYSA-N;14314-42-2;InChIKey=XLYOFNOQVPJJNP-UHFFFAOYSA-N
1528338;601.0;;0.0;101.0;313.15;hexaldehyde__water;je2013878;Liquid;2;hexaldehyde;water;C6H12O;H2O;19;7;19;0;3;1;3;0;CCCCCC=O;O;66-25-1;InChIKey=JARKCYVAAOWBJS-UHFFFAOYSA-N;14314-42-2;InChIKey=XLYOFNOQVPJJNP-UHFFFAOYSA-N
1528339;570.0;;0.0;101.0;313.15;phenylmethanal__water;je2013878;Liquid;2;phenylmethanal;water;C7H6O;H2O;14;8;14;0;3;1;3;0;O=Cc1ccccc1;O;100-52-7;InChIKey=HUMNYLRZRPPJDN-UHFFFAOYSA-N;14314-42-2;InChIKey=XLYOFNOQVPJJNP-UHFFFAOYSA-N
1528340;160.0;;0.0;101.0;313.15;2,3-pentanedione__water;je2013878;Liquid;2;2,3-pentanedione;water;C5H8O2;H2O;15;7;15;0;3;1;3;0;CCC(=O)C(C)=O;O;600-14-6;InChIKey=TZMFJUDUGYTVRY-UHFFFAOYSA-N;14314-42-2;InChIKey=XLYOFNOQVPJJNP-UHFFFAOYSA-N
2006664;58.8;1.764;0.0;101.0;273.35;pentan-2-ol__water;je901063s;Liquid;2;pentan-2-ol;water;C5H12O;H2O;18;6;18;0;3;1;3;0;CCCC(C)O;O;31087-44-2;InChIKey=JYVLIDXNZAXMDK-UHFFFAOYSA-N;14314-42-2;InChIKey=XLYOFNOQVPJJNP-UHFFFAOYSA-N
2006677;48.7;1.461;0.0;101.0;273.35;3-pentanol__water;je901063s;Liquid;2;3-pentanol;water;C5H12O;H2O;18;6;18;0;3;1;3;0;CCC(O)CC;O;584-02-1;InChIKey=AQIXEPGDORPWBJ-UHFFFAOYSA-N;14314-42-2;InChIKey=XLYOFNOQVPJJNP-UHFFFAOYSA-N
2006688;86.3;2.589;0.0;101.0;273.35;2-methyl-1-butanol__water;je901063s;Liquid;2;2-methyl-1-butanol;water;C5H12O;H2O;18;6;18;0;3;1;3;0;CCC(C)CO;O;1565-80-6;InChIKey=QPRQEDXDYOZYLA-UHFFFAOYSA-N;14314-42-2;InChIKey=XLYOFNOQVPJJNP-UHFFFAOYSA-N
2006706;94.9;2.847;0.0;101.0;273.35;1-butanol, 3-methyl-__water;je901063s;Liquid;2;1-butanol, 3-methyl-;water;C5H12O;H2O;18;6;18;0;3;1;3;0;CC(C)CCO;O;123-51-3;InChIKey=PHTQWCKDNZKARW-UHFFFAOYSA-N;14314-42-2;InChIKey=XLYOFNOQVPJJNP-UHFFFAOYSA-N
2006721;18.3;0.549;0.0;101.0;273.35;tert-pentyl alcohol__water;je901063s;Liquid;2;tert-pentyl alcohol;water;C5H12O;H2O;18;6;18;0;3;1;3;0;CCC(C)(C)O;O;75-85-4;InChIKey=MSXVEPNJUHWQHW-UHFFFAOYSA-N;14314-42-2;InChIKey=XLYOFNOQVPJJNP-UHFFFAOYSA-N
2006737;43.5;1.305;0.0;101.0;273.35;3-methyl-2-butanol__water;je901063s;Liquid;2;3-methyl-2-butanol;water;C5H12O;H2O;18;6;18;0;3;1;3;0;CC(C)C(C)O;O;70116-68-6;InChIKey=MXLMTQWGSQIYOW-UHFFFAOYSA-N;14314-42-2;InChIKey=XLYOFNOQVPJJNP-UHFFFAOYSA-N
